Region,ISO3,Country,Year,January,February,March,April,May,June,July,August,September,October,November,December,Totals
EMR,AFG,Afghanistan,2011,138,145,211,229,157,144,102,45,24,25,53,111,1384
EMR,AFG,Afghanistan,2012,360,414,364,341,340,292,234,72,45,93,53,63,2671
EMR,AFG,Afghanistan,2013,36,51,47,69,59,58,51,0,8,3,13,35,430
EMR,AFG,Afghanistan,2014,69,70,46,29,79,43,47,11,39,27,32,60,552
EMR,AFG,Afghanistan,2015,89,160,269,198,208,116,65,28,16,7,8,21,1185
EMR,AFG,Afghanistan,2016,8,62,52,79,66,99,40,26,22,35,35,117,641
EMR,AFG,Afghanistan,2017,209,213,201,180,144,89,88,32,30,61,85,179,1511
EMR,AFG,Afghanistan,2018,269,330,438,241,205,166,140,61,12,14,11,12,1899
EMR,AFG,Afghanistan,2019,14,22,0,0,0,0,0,0,0,0,0,0,36
EUR,ALB,Albania,2011,0,0,0,0,0,0,0,0,0,0,0,0,0
EUR,ALB,Albania,2012,0,0,0,0,0,0,0,0,0,0,0,0,0
EUR,ALB,Albania,2013,0,0,0,0,0,0,0,0,0,0,0,0,0
EUR,ALB,Albania,2014,0,0,0,0,0,0,0,0,0,0,0,0,0
EUR,ALB,Albania,2015,0,0,0,0,0,0,0,0,0,0,0,0,0
EUR,ALB,Albania,2016,0,0,0,0,0,0,0,0,0,0,0,0,0
EUR,ALB,Albania,2017,0,0,0,0,0,0,0,0,1,3,5,3,12
EUR,ALB,Albania,2018,63,164,345,359,245,134,45,13,17,20,34,27,1466
EUR,ALB,Albania,2019,73,64,0,0,0,0,0,0,0,0,0,0,137
AFR,DZA,Algeria,2011,52,17,33,0,3,7,0,0,0,2,0,14,128
AFR,DZA,Algeria,2012,8,10,17,5,11,0,0,0,0,1,3,0,55
AFR,DZA,Algeria,2013,0,0,0,0,0,0,0,0,0,0,0,0,0
AFR,DZA,Algeria,2014,0,0,0,0,0,0,0,0,0,0,0,0,0
AFR,DZA,Algeria,2015,0,0,0,0,7,46,8,1,0,0,0,0,62
AFR,DZA,Algeria,2016,4,0,4,2,37,5,3,0,0,0,0,1,56
AFR,DZA,Algeria,2017,0,7,28,35,44,22,4,4,2,22,49,14,231
AFR,DZA,Algeria,2018,86,191,10,0,0,0,0,0,0,0,0,0,287
AFR,DZA,Algeria,2019,0,0,0,0,0,0,0,0,0,0,0,0,0
EUR,AND,Andorra,2011,0,0,0,0,0,0,0,0,0,0,0,0,0
EUR,AND,Andorra,2012,0,0,0,0,0,0,0,0,0,0,0,0,0
EUR,AND,Andorra,2013,0,0,0,0,0,0,0,0,0,0,0,0,0
EUR,AND,Andorra,2014,0,0,0,0,0,0,0,0,0,0,0,0,0
EUR,AND,Andorra,2015,0,0,0,0,0,0,0,0,0,0,0,0,0
EUR,AND,Andorra,2016,0,0,0,0,0,0,0,0,0,0,0,0,0
EUR,AND,Andorra,2017,0,0,0,0,0,0,0,0,0,0,0,0,0
EUR,AND,Andorra,2018,0,0,0,0,0,0,0,0,0,0,0,0,0
EUR,AND,Andorra,2019,0,0,0,0,0,0,0,0,0,0,0,0,0
AFR,AGO,Angola,2011,17,19,37,41,11,8,5,4,32,10,8,0,192
AFR,AGO,Angola,2012,373,289,381,393,546,357,382,553,571,367,216,42,4470
AFR,AGO,Angola,2013,725,646,734,491,726,695,680,660,563,288,265,91,6564
AFR,AGO,Angola,2014,1161,1101,1319,1094,1754,1150,1484,1429,1098,373,27,12,12002
AFR,AGO,Angola,2015,4,17,0,0,3,3,6,19,90,34,12,6,194
AFR,AGO,Angola,2016,2,3,0,4,6,2,5,11,6,1,5,6,51
AFR,AGO,Angola,2017,1,7,2,0,3,2,1,1,3,0,3,6,29
AFR,AGO,Angola,2018,3,5,8,4,3,5,4,8,4,5,7,1,57
AFR,AGO,Angola,2019,70,70,32,0,0,0,0,0,0,0,0,0,172
AMR,ATG,Antigua and Barbuda,2011,,,,,,,,,,,,,0
AMR,ATG,Antigua and Barbuda,2012,,,,,,,,,,,,,0
AMR,ATG,Antigua and Barbuda,2013,,,,,,,,,,,,,0
AMR,ATG,Antigua and Barbuda,2014,,,,,,,,,,,,,0
AMR,ATG,Antigua and Barbuda,2015,,,,,,,,,,,,,0
AMR,ATG,Antigua and Barbuda,2016,0,0,0,0,0,0,0,0,0,0,0,0,0
AMR,ATG,Antigua and Barbuda,2017,,,,,,,,,,,,,0
AMR,ATG,Antigua and Barbuda,2018,1,0,0,0,0,0,0,0,0,0,0,0,1
AMR,ATG,Antigua and Barbuda,2019,,,,,,,,,,,,,0
AMR,ARG,Argentina,2011,1,1,1,0,0,0,0,0,0,0,0,0,3
AMR,ARG,Argentina,2012,0,0,0,0,2,1,0,0,0,0,0,0,3
AMR,ARG,Argentina,2013,0,0,0,0,0,0,0,0,0,0,0,0,0
AMR,ARG,Argentina,2014,0,0,0,0,0,0,0,1,0,0,0,0,1
AMR,ARG,Argentina,2015,0,0,0,0,0,0,0,0,0,0,0,0,0
AMR,ARG,Argentina,2016,0,0,0,0,0,0,0,0,0,0,0,0,0
AMR,ARG,Argentina,2017,0,0,0,3,0,0,0,0,0,0,0,0,3
AMR,ARG,Argentina,2018,0,0,3,0,0,1,4,3,3,0,0,0,14
AMR,ARG,Argentina,2019,0,2,0,0,,,,,,,,,2
EUR,ARM,Armenia,2011,0,0,0,0,0,0,0,0,0,0,0,0,0
EUR,ARM,Armenia,2012,0,0,0,0,0,0,0,0,0,0,0,0,0
EUR,ARM,Armenia,2013,0,0,0,0,5,3,1,2,0,0,0,0,11
EUR,ARM,Armenia,2014,0,0,0,0,0,12,0,0,0,0,0,1,13
EUR,ARM,Armenia,2015,0,0,0,0,6,6,9,9,1,0,0,0,31
EUR,ARM,Armenia,2016,0,0,0,0,0,0,2,0,0,0,0,0,2
EUR,ARM,Armenia,2017,0,0,0,0,0,0,0,0,0,1,0,0,1
EUR,ARM,Armenia,2018,0,2,14,1,0,0,0,0,1,0,0,1,19
EUR,ARM,Armenia,2019,0,2,1,0,,,,,,,,,3
WPR,AUS,Australia,2011,21,29,29,15,9,6,13,14,6,5,30,15,192
WPR,AUS,Australia,2012,3,2,4,10,9,13,25,42,61,21,6,3,199
WPR,AUS,Australia,2013,3,5,2,3,7,7,4,21,18,46,25,13,154
WPR,AUS,Australia,2014,78,61,36,15,23,34,32,23,2,17,5,14,340
WPR,AUS,Australia,2015,10,6,11,9,5,5,3,7,9,0,4,5,74
WPR,AUS,Australia,2016,6,15,16,10,5,4,6,1,7,7,6,16,99
WPR,AUS,Australia,2017,9,7,25,7,4,0,2,4,14,7,0,2,81
WPR,AUS,Australia,2018,3,2,30,10,4,2,6,20,4,3,7,10,101
WPR,AUS,Australia,2019,24,16,0,0,,,,,,,,,40
EUR,AUT,Austria,2011,13,11,10,19,34,61,41,7,4,1,12,6,219
EUR,AUT,Austria,2012,6,8,5,2,3,4,2,2,1,2,0,0,35
EUR,AUT,Austria,2013,4,8,8,13,10,4,2,4,7,8,2,9,79
EUR,AUT,Austria,2014,32,13,6,4,12,16,4,0,0,4,11,17,119
EUR,AUT,Austria,2015,33,29,49,65,69,40,9,2,0,0,3,1,300
EUR,AUT,Austria,2016,0,0,0,2,1,2,9,1,5,3,1,4,28
EUR,AUT,Austria,2017,33,29,7,2,7,0,2,2,1,2,8,1,94
EUR,AUT,Austria,2018,7,8,14,16,11,6,1,3,6,0,4,1,77
EUR,AUT,Austria,2019,25,33,0,0,,,,,,,,,58
EUR,AZE,Azerbaijan,2011,0,0,0,0,0,0,0,0,0,0,0,0,0
EUR,AZE,Azerbaijan,2012,0,0,1,1,0,0,0,0,0,0,0,0,2
EUR,AZE,Azerbaijan,2013,16,18,28,23,47,28,4,0,0,0,0,0,164
EUR,AZE,Azerbaijan,2014,0,0,0,0,0,0,0,0,0,0,3,2,5
EUR,AZE,Azerbaijan,2015,0,0,0,0,0,0,0,0,0,0,0,0,0
EUR,AZE,Azerbaijan,2016,0,0,0,0,0,0,0,0,0,0,0,0,0
EUR,AZE,Azerbaijan,2017,0,0,0,0,0,0,0,0,0,0,0,0,0
EUR,AZE,Azerbaijan,2018,0,0,0,0,0,0,0,0,0,0,24,47,71
EUR,AZE,Azerbaijan,2019,131,87,0,0,,,,,,,,,218
AMR,BHS,Bahamas,2011,,,,,,,,,,,,,0
AMR,BHS,Bahamas,2012,,,,,,,,,,,,,0
AMR,BHS,Bahamas,2013,,,,,,,,,,,,,0
AMR,BHS,Bahamas,2014,0,0,0,0,0,0,0,0,0,0,0,0,0
AMR,BHS,Bahamas,2015,,,,,,,,,,,,,0
AMR,BHS,Bahamas,2016,0,0,0,0,0,0,0,0,0,0,0,0,0
AMR,BHS,Bahamas,2017,,,,,,,,,,,,,0
AMR,BHS,Bahamas,2018,0,0,0,0,0,0,0,0,0,0,0,0,0
AMR,BHS,Bahamas,2019,0,2,0,0,,,,,,,,,2
EMR,BHR,Bahrain,2011,0,0,0,0,0,0,0,0,0,0,0,0,0
EMR,BHR,Bahrain,2012,0,0,0,0,0,0,0,0,0,0,0,0,0
EMR,BHR,Bahrain,2013,0,0,0,0,0,0,0,0,0,0,0,0,0
EMR,BHR,Bahrain,2014,0,0,0,0,0,0,0,0,0,0,0,0,0
EMR,BHR,Bahrain,2015,0,0,0,0,0,0,0,0,0,0,0,0,0
EMR,BHR,Bahrain,2016,0,0,0,0,0,0,0,0,0,0,0,0,0
EMR,BHR,Bahrain,2017,0,0,0,0,0,0,0,0,0,0,0,0,0
EMR,BHR,Bahrain,2018,0,0,0,0,0,0,0,0,0,0,0,0,0
EMR,BHR,Bahrain,2019,0,0,0,0,,,,,,,,,0
SEAR,BGD,Bangladesh,2011,15,137,736,717,982,545,325,234,180,401,138,305,4715
SEAR,BGD,Bangladesh,2012,413,340,411,258,194,50,106,5,5,18,2,2,1804
SEAR,BGD,Bangladesh,2013,3,52,90,18,64,35,15,3,3,2,4,3,292
SEAR,BGD,Bangladesh,2014,0,3,3,29,38,44,11,20,19,62,32,75,336
SEAR,BGD,Bangladesh,2015,17,49,60,53,30,24,23,39,7,12,12,33,359
SEAR,BGD,Bangladesh,2016,83,96,146,159,80,44,51,62,39,71,68,170,1069
SEAR,BGD,Bangladesh,2017,543,454,654,643,591,225,337,179,126,87,86,76,4001
SEAR,BGD,Bangladesh,2018,115,170,317,322,344,158,108,101,107,130,113,146,2131
SEAR,BGD,Bangladesh,2019,234,100,1,0,,,,,,,,,335
AMR,BRB,Barbados,2011,,,,,,,,,,,,,0
AMR,BRB,Barbados,2012,,,,,,,,,,,,,0
AMR,BRB,Barbados,2013,,,,,,,,,,,,,0
AMR,BRB,Barbados,2014,0,0,0,0,0,0,0,0,0,0,0,0,0
AMR,BRB,Barbados,2015,0,0,0,0,0,0,0,0,0,0,0,0,0
AMR,BRB,Barbados,2016,0,0,0,0,0,0,0,0,0,0,0,0,0
AMR,BRB,Barbados,2017,0,0,0,0,0,0,0,0,0,0,0,0,0
AMR,BRB,Barbados,2018,0,0,0,0,0,0,0,0,0,0,0,0,0
AMR,BRB,Barbados,2019,0,0,0,0,,,,,,,,,0
EUR,BLR,Belarus,2011,0,0,1,0,16,29,4,0,0,0,0,1,51
EUR,BLR,Belarus,2012,5,0,4,0,0,1,1,0,0,0,0,1,12
EUR,BLR,Belarus,2013,0,1,1,1,0,2,1,1,0,3,3,3,16
EUR,BLR,Belarus,2014,0,0,1,23,23,16,2,0,0,0,0,0,65
EUR,BLR,Belarus,2015,0,1,0,0,2,1,3,0,0,0,0,0,7
EUR,BLR,Belarus,2016,0,1,0,0,0,0,15,6,1,5,1,0,29
EUR,BLR,Belarus,2017,0,0,1,0,0,0,0,0,0,0,0,0,1
EUR,BLR,Belarus,2018,0,18,41,53,58,13,23,12,7,2,5,5,237
EUR,BLR,Belarus,2019,14,17,0,0,,,,,,,,,31
EUR,BEL,Belgium,2011,18,46,291,212,250,184,88,20,20,6,25,3,1163
EUR,BEL,Belgium,2012,7,10,9,7,27,16,8,3,4,3,5,2,101
EUR,BEL,Belgium,2013,3,1,6,8,11,2,3,3,3,3,1,2,46
EUR,BEL,Belgium,2014,4,6,15,12,16,1,0,1,4,4,7,5,75
EUR,BEL,Belgium,2015,16,8,20,20,30,8,0,0,4,12,6,2,126
EUR,BEL,Belgium,2016,3,11,19,9,17,9,1,0,2,2,2,3,78
EUR,BEL,Belgium,2017,26,79,150,35,21,34,16,0,2,0,3,1,367
EUR,BEL,Belgium,2018,1,6,9,11,24,22,3,11,14,4,8,7,120
EUR,BEL,Belgium,2019,18,86,0,0,,,,,,,,,104
AMR,BLZ,Belize,2011,0,0,0,0,0,0,0,0,0,0,0,0,0
AMR,BLZ,Belize,2012,0,0,0,0,0,0,0,0,0,0,0,0,0
AMR,BLZ,Belize,2013,0,0,0,0,0,0,0,0,0,0,0,0,0
AMR,BLZ,Belize,2014,0,0,0,0,0,0,0,0,0,0,0,0,0
AMR,BLZ,Belize,2015,0,0,0,0,0,0,0,0,0,0,0,0,0
AMR,BLZ,Belize,2016,0,0,0,0,0,0,0,0,0,0,0,0,0
AMR,BLZ,Belize,2017,0,0,0,0,0,0,0,0,0,0,0,0,0
AMR,BLZ,Belize,2018,0,0,0,0,0,0,0,0,0,0,0,0,0
AMR,BLZ,Belize,2019,0,0,0,0,,,,,,,,,0
AFR,BEN,Benin,2011,21,37,48,69,50,35,28,36,30,22,16,31,423
AFR,BEN,Benin,2012,24,47,46,51,31,20,5,12,2,12,24,11,285
AFR,BEN,Benin,2013,81,101,137,124,36,44,29,38,33,16,59,59,757
AFR,BEN,Benin,2014,131,147,250,122,38,22,17,8,8,8,4,6,761
AFR,BEN,Benin,2015,6,6,13,3,2,10,1,3,4,6,2,8,64
AFR,BEN,Benin,2016,7,16,18,9,14,3,3,12,4,2,2,5,95
AFR,BEN,Benin,2017,3,24,15,26,21,14,7,2,3,11,29,37,192
AFR,BEN,Benin,2018,69,158,48,59,27,29,47,36,58,96,149,110,886
AFR,BEN,Benin,2019,290,158,54,0,,,,,,,,,502
SEAR,BTN,Bhutan,2011,0,0,0,0,2,3,5,0,0,0,0,0,10
SEAR,BTN,Bhutan,2012,0,2,0,12,1,0,0,0,0,0,0,0,15
SEAR,BTN,Bhutan,2013,0,0,0,0,0,0,0,0,0,0,0,0,0
SEAR,BTN,Bhutan,2014,0,0,0,0,0,0,0,0,0,0,0,0,0
SEAR,BTN,Bhutan,2015,0,0,0,0,0,0,0,2,1,1,2,6,12
SEAR,BTN,Bhutan,2016,7,0,0,4,0,2,13,8,11,32,6,6,89
SEAR,BTN,Bhutan,2017,8,6,10,17,16,6,6,1,0,0,0,0,70
SEAR,BTN,Bhutan,2018,2,5,2,0,0,1,0,0,0,0,0,0,10
SEAR,BTN,Bhutan,2019,0,0,0,0,,,,,,,,,0
AMR,BOL,Bolivia,2011,0,0,0,0,0,0,0,0,0,0,0,0,0
AMR,BOL,Bolivia,2012,0,0,0,0,0,0,0,0,0,0,0,0,0
AMR,BOL,Bolivia,2013,0,0,0,0,0,0,0,0,0,0,0,0,0
AMR,BOL,Bolivia,2014,0,0,0,0,0,0,0,0,0,0,0,0,0
AMR,BOL,Bolivia,2015,0,0,0,0,0,0,0,0,0,0,0,0,0
AMR,BOL,Bolivia,2016,0,0,0,0,0,0,0,0,0,0,0,0,0
AMR,BOL,Bolivia,2017,0,0,0,0,0,0,0,0,0,0,0,0,0
AMR,BOL,Bolivia,2018,0,0,0,0,0,0,0,0,0,0,0,0,0
AMR,BOL,Bolivia,2019,0,0,0,0,,,,,,,,,0
EUR,BIH,Bosnia and Herzegovina,2011,0,0,0,0,0,0,0,0,4,1,0,0,5
EUR,BIH,Bosnia and Herzegovina,2012,,,,,,,,,,,,,0
EUR,BIH,Bosnia and Herzegovina,2013,0,1,0,1,2,0,0,1,0,0,0,0,5
EUR,BIH,Bosnia and Herzegovina,2014,1,38,144,371,575,573,502,0,0,0,0,0,2204
EUR,BIH,Bosnia and Herzegovina,2015,455,515,433,354,283,113,53,8,4,1,15,4,2238
EUR,BIH,Bosnia and Herzegovina,2016,18,27,0,0,0,0,0,0,0,0,0,0,45
EUR,BIH,Bosnia and Herzegovina,2017,2,7,2,3,0,2,3,1,2,2,3,0,27
EUR,BIH,Bosnia and Herzegovina,2018,5,7,13,13,34,13,4,0,0,0,0,0,89
EUR,BIH,Bosnia and Herzegovina,2019,2,34,0,0,,,,,,,,,36
AFR,BWA,Botswana,2011,1,0,1,0,0,0,0,0,3,73,48,13,139
AFR,BWA,Botswana,2012,0,2,0,2,0,0,2,0,1,0,2,1,10
AFR,BWA,Botswana,2013,0,0,0,0,0,0,0,0,0,1,0,0,1
AFR,BWA,Botswana,2014,1,1,0,0,0,8,77,1,0,0,0,0,88
AFR,BWA,Botswana,2015,0,0,0,0,0,0,1,2,0,0,0,0,3
AFR,BWA,Botswana,2016,0,1,0,0,0,0,0,0,0,0,0,0,1
AFR,BWA,Botswana,2017,0,0,0,0,0,0,0,0,0,0,0,0,0
AFR,BWA,Botswana,2018,0,0,0,0,0,0,1,1,0,0,0,0,2
AFR,BWA,Botswana,2019,0,0,0,0,,,,,,,,,0
AMR,BRA,Brazil,2011,,,,,,,,,,,,,0
AMR,BRA,Brazil,2012,1,0,0,0,0,0,0,0,0,0,0,1,2
AMR,BRA,Brazil,2013,4,0,5,16,37,25,20,13,8,9,28,27,192
AMR,BRA,Brazil,2014,79,89,30,25,15,34,93,106,69,67,60,41,708
AMR,BRA,Brazil,2015,60,41,37,39,26,9,1,1,0,0,0,0,214
AMR,BRA,Brazil,2016,0,0,0,0,0,0,0,0,0,0,0,0,0
AMR,BRA,Brazil,2017,0,0,0,0,0,0,0,0,0,0,0,0,0
AMR,BRA,Brazil,2018,0,8,74,130,282,187,383,94,577,2564,5928,99,10326
AMR,BRA,Brazil,2019,0,0,48,0,,,,,,,,,48
WPR,BRN,Brunei Darussalam,2011,0,0,0,2,0,0,1,0,0,0,1,0,4
WPR,BRN,Brunei Darussalam,2012,0,0,0,0,0,0,1,0,0,0,0,0,1
WPR,BRN,Brunei Darussalam,2013,0,0,0,0,0,0,0,0,0,0,0,0,0
WPR,BRN,Brunei Darussalam,2014,0,0,0,0,0,0,0,0,0,0,0,0,0
WPR,BRN,Brunei Darussalam,2015,0,0,0,1,3,0,0,0,0,0,0,0,4
WPR,BRN,Brunei Darussalam,2016,0,0,0,0,0,0,0,1,0,0,0,0,1
WPR,BRN,Brunei Darussalam,2017,0,0,0,0,0,0,0,0,0,0,0,0,0
WPR,BRN,Brunei Darussalam,2018,0,0,0,0,0,0,0,0,0,0,0,1,1
WPR,BRN,Brunei Darussalam,2019,0,0,0,0,,,,,,,,,0
EUR,BGR,Bulgaria,2011,74,28,28,8,15,0,0,0,1,0,1,0,155
EUR,BGR,Bulgaria,2012,0,0,0,0,0,0,1,0,0,0,0,0,1
EUR,BGR,Bulgaria,2013,0,0,0,0,6,8,0,0,0,0,0,0,14
EUR,BGR,Bulgaria,2014,0,0,0,0,0,0,0,0,0,0,0,0,0
EUR,BGR,Bulgaria,2015,0,0,0,0,0,0,0,0,0,0,0,0,0
EUR,BGR,Bulgaria,2016,0,1,0,0,0,0,0,0,0,0,0,0,1
EUR,BGR,Bulgaria,2017,0,0,23,42,56,39,5,0,0,0,0,0,165
EUR,BGR,Bulgaria,2018,1,0,2,1,1,1,7,0,0,0,0,0,13
EUR,BGR,Bulgaria,2019,0,51,0,0,,,,,,,,,51
AFR,BFA,Burkina Faso,2011,16,60,121,22,31,9,5,5,1,5,5,9,289
AFR,BFA,Burkina Faso,2012,28,75,240,191,110,56,14,2,7,11,26,43,803
AFR,BFA,Burkina Faso,2013,61,48,70,52,53,17,14,3,14,16,29,45,422
AFR,BFA,Burkina Faso,2014,28,70,86,68,64,26,25,6,14,4,23,5,419
AFR,BFA,Burkina Faso,2015,15,16,34,4,5,20,4,1,0,0,0,0,99
AFR,BFA,Burkina Faso,2016,0,4,45,39,54,38,8,4,17,11,2,1,223
AFR,BFA,Burkina Faso,2017,1,5,5,11,2,9,0,0,2,1,3,6,45
AFR,BFA,Burkina Faso,2018,27,209,425,538,262,32,16,7,9,48,57,52,1682
AFR,BFA,Burkina Faso,2019,93,89,36,0,,,,,,,,,218
AFR,BDI,Burundi,2011,6,2,8,4,2,4,19,12,2,0,2,2,63
AFR,BDI,Burundi,2012,4,3,10,19,7,1,1,0,0,3,0,0,48
AFR,BDI,Burundi,2013,0,0,0,0,0,0,0,0,0,0,0,0,0
AFR,BDI,Burundi,2014,0,0,0,0,0,0,0,0,0,2,2,4,8
AFR,BDI,Burundi,2015,0,0,3,0,0,0,1,0,10,0,0,0,14
AFR,BDI,Burundi,2016,0,0,0,0,0,2,0,0,3,7,2,0,14
AFR,BDI,Burundi,2017,0,0,0,1,1,0,3,0,2,4,4,3,18
AFR,BDI,Burundi,2018,3,4,1,0,1,0,0,0,0,1,0,0,10
AFR,BDI,Burundi,2019,0,6,28,0,,,,,,,,,34
AFR,CPV,Cabo Verde,2011,,,,,,,,,,,,,0
AFR,CPV,Cabo Verde,2012,0,0,0,0,0,0,0,0,0,0,0,0,0
AFR,CPV,Cabo Verde,2013,0,0,0,0,0,0,0,0,0,0,0,0,0
AFR,CPV,Cabo Verde,2014,,,,,,,,,,,,,0
AFR,CPV,Cabo Verde,2015,,,,,,,,,,,,,0
AFR,CPV,Cabo Verde,2016,0,1,1,1,0,0,0,0,0,0,0,0,3
AFR,CPV,Cabo Verde,2017,,,,,,,,,,,,,0
AFR,CPV,Cabo Verde,2018,,,,,,,,,,,,,0
AFR,CPV,Cabo Verde,2019,,,,,,,,,,,,,0
WPR,KHM,Cambodia,2011,26,220,153,28,137,111,16,13,4,0,14,0,722
WPR,KHM,Cambodia,2012,0,0,0,0,0,0,0,0,0,0,0,0,0
WPR,KHM,Cambodia,2013,0,0,0,0,0,0,0,0,0,0,0,0,0
WPR,KHM,Cambodia,2014,0,0,0,0,0,0,0,0,0,0,0,0,0
WPR,KHM,Cambodia,2015,0,0,0,0,0,0,0,0,0,0,0,0,0
WPR,KHM,Cambodia,2016,2,0,0,0,2,4,5,11,1,9,12,10,56
WPR,KHM,Cambodia,2017,4,5,0,0,0,1,0,0,0,0,0,0,10
WPR,KHM,Cambodia,2018,0,0,0,0,0,0,0,2,0,0,0,1,3
WPR,KHM,Cambodia,2019,4,5,10,0,,,,,,,,,19
AFR,CMR,Cameroon,2011,56,144,182,103,107,54,30,22,13,39,61,98,909
AFR,CMR,Cameroon,2012,211,149,90,45,10,28,21,4,4,20,16,18,616
AFR,CMR,Cameroon,2013,95,126,87,35,173,165,12,11,6,6,30,28,774
AFR,CMR,Cameroon,2014,74,126,100,107,70,70,38,13,23,35,60,49,765
AFR,CMR,Cameroon,2015,600,369,295,176,126,141,53,19,18,42,76,84,1999
AFR,CMR,Cameroon,2016,44,36,32,91,165,114,69,33,34,21,26,29,694
AFR,CMR,Cameroon,2017,22,42,41,30,22,20,24,29,30,152,173,127,712
AFR,CMR,Cameroon,2018,117,132,85,87,115,87,10,3,5,12,138,105,896
AFR,CMR,Cameroon,2019,316,620,196,0,,,,,,,,,1132
AMR,CAN,Canada,2011,,,,,,,,,,,,,0
AMR,CAN,Canada,2012,0,0,1,2,2,0,1,1,0,2,0,0,9
AMR,CAN,Canada,2013,1,3,8,1,0,10,7,3,5,7,37,1,83
AMR,CAN,Canada,2014,0,0,0,0,0,0,0,0,0,0,0,418,418
AMR,CAN,Canada,2015,16,46,128,4,1,0,0,0,0,1,0,0,196
AMR,CAN,Canada,2016,2,0,4,1,0,1,0,3,0,0,0,0,11
AMR,CAN,Canada,2017,0,7,17,10,5,0,0,1,1,0,0,0,41
AMR,CAN,Canada,2018,1,2,1,4,5,4,2,2,3,1,2,1,28
AMR,CAN,Canada,2019,7,15,12,0,,,,,,,,,34
AFR,CAF,Central African Republic,2011,0,0,52,78,230,230,60,1,0,8,4,8,671
AFR,CAF,Central African Republic,2012,2,4,7,5,14,4,11,0,5,0,10,5,67
AFR,CAF,Central African Republic,2013,126,136,14,10,6,28,11,5,11,6,2,15,370
AFR,CAF,Central African Republic,2014,20,20,28,25,12,17,13,17,9,9,17,23,210
AFR,CAF,Central African Republic,2015,20,49,12,1,7,7,22,1,2,20,16,18,175
AFR,CAF,Central African Republic,2016,8,40,39,28,23,38,9,0,0,4,12,4,205
AFR,CAF,Central African Republic,2017,2,5,38,3,1,1,3,1,3,4,9,4,74
AFR,CAF,Central African Republic,2018,9,3,2,1,1,1,0,0,0,1,3,7,28
AFR,CAF,Central African Republic,2019,6,80,80,0,,,,,,,,,166
AFR,TCD,Chad,2011,14,21,23,14,24,9,1,8,1,0,27,14,156
AFR,TCD,Chad,2012,39,53,24,16,11,10,0,0,0,0,0,0,153
AFR,TCD,Chad,2013,19,22,28,17,25,15,37,3,14,18,12,7,217
AFR,TCD,Chad,2014,208,725,210,60,31,15,2,0,0,0,0,0,1251
AFR,TCD,Chad,2015,42,48,134,62,61,24,17,19,30,20,6,14,477
AFR,TCD,Chad,2016,19,34,15,18,25,22,9,1,4,12,10,0,169
AFR,TCD,Chad,2017,0,0,6,6,3,3,1,2,3,1,1,4,30
AFR,TCD,Chad,2018,14,2,2,81,265,183,97,86,78,121,100,50,1079
AFR,TCD,Chad,2019,952,1606,304,0,,,,,,,,,2862
AMR,CHL,Chile,2011,,,,,,,,,,,,,0
AMR,CHL,Chile,2012,,,,,,,,,,,,,0
AMR,CHL,Chile,2013,,,,,,,,,,,,,0
AMR,CHL,Chile,2014,0,0,0,0,0,0,0,0,0,0,0,0,0
AMR,CHL,Chile,2015,0,0,0,0,3,5,1,0,0,0,0,0,9
AMR,CHL,Chile,2016,0,0,0,0,0,0,0,0,0,0,0,0,0
AMR,CHL,Chile,2017,0,0,0,0,0,0,0,0,0,0,0,0,0
AMR,CHL,Chile,2018,0,0,0,0,0,0,0,0,0,0,3,20,23
AMR,CHL,Chile,2019,2,1,0,0,,,,,,,,,3
WPR,CHN,China,2011,562,944,1472,2188,1956,1132,566,321,221,167,143,284,9956
WPR,CHN,China,2012,284,215,336,568,688,690,652,567,338,481,537,744,6100
WPR,CHN,China,2013,1656,2596,4114,4843,4708,2762,2289,1799,1009,685,764,641,27866
WPR,CHN,China,2014,2140,4518,8407,10474,9334,6433,4046,2631,1036,1023,969,1525,52536
WPR,CHN,China,2015,2716,4600,6125,7962,7405,4923,3269,1856,1012,490,714,1820,42892
WPR,CHN,China,2016,1784,2686,5102,5248,3980,2624,1695,866,360,218,264,766,25593
WPR,CHN,China,2017,548,648,1090,872,765,500,406,292,239,180,202,257,5999
WPR,CHN,China,2018,371,417,561,549,643,415,286,182,126,145,166,5,3866
WPR,CHN,China,2019,150,135,0,0,,,,,,,,,285
AMR,COL,Colombia,2011,0,0,0,0,0,0,0,0,6,0,0,0,6
AMR,COL,Colombia,2012,0,1,0,0,0,0,0,0,0,0,0,0,1
AMR,COL,Colombia,2013,0,0,0,0,0,1,0,0,0,0,0,0,1
AMR,COL,Colombia,2014,0,0,0,0,0,0,0,0,0,0,0,0,0
AMR,COL,Colombia,2015,0,0,0,0,0,0,0,0,1,0,0,0,1
AMR,COL,Colombia,2016,0,0,0,0,0,0,0,0,0,0,0,0,0
AMR,COL,Colombia,2017,0,0,0,0,0,0,0,0,0,0,0,0,0
AMR,COL,Colombia,2018,0,1,5,17,4,11,20,24,41,43,19,24,209
AMR,COL,Colombia,2019,33,23,17,0,,,,,,,,,73
AFR,COM,Comoros,2011,0,0,0,0,0,3,0,0,0,0,0,0,3
AFR,COM,Comoros,2012,0,0,0,0,0,0,0,0,0,0,0,0,0
AFR,COM,Comoros,2013,0,0,0,0,0,0,0,0,0,0,0,0,0
AFR,COM,Comoros,2014,,,,,,,,,,,,,0
AFR,COM,Comoros,2015,0,0,0,0,0,0,0,0,0,0,0,0,0
AFR,COM,Comoros,2016,0,0,0,0,0,0,0,0,0,0,0,0,0
AFR,COM,Comoros,2017,0,0,0,0,0,0,0,0,0,0,0,0,0
AFR,COM,Comoros,2018,0,0,0,0,0,0,0,0,0,0,0,0,0
AFR,COM,Comoros,2019,1,1,0,0,,,,,,,,,2
AFR,COG,Congo,2011,13,11,15,29,23,0,13,4,3,3,9,7,130
AFR,COG,Congo,2012,23,65,36,15,19,12,35,23,4,11,3,3,249
AFR,COG,Congo,2013,15,19,28,11,11,18,0,5,7,1,4,3,122
AFR,COG,Congo,2014,2,3,15,2,0,3,17,25,0,0,0,0,67
AFR,COG,Congo,2015,165,238,385,410,102,24,9,13,4,2,16,14,1382
AFR,COG,Congo,2016,38,30,56,46,64,136,84,114,18,32,10,16,644
AFR,COG,Congo,2017,9,8,15,0,10,2,0,0,3,3,3,3,56
AFR,COG,Congo,2018,1,3,1,2,5,3,16,1,4,3,12,19,70
AFR,COG,Congo,2019,65,54,16,0,,,,,,,,,135
AMR,CRI,Costa Rica,2011,,,,,,,,,,,,,0
AMR,CRI,Costa Rica,2012,,,,,,,,,,,,,0
AMR,CRI,Costa Rica,2013,,,,,,,,,,,,,0
AMR,CRI,Costa Rica,2014,0,1,0,0,0,0,0,0,0,0,0,0,1
AMR,CRI,Costa Rica,2015,0,0,0,0,0,0,0,0,0,0,0,0,0
AMR,CRI,Costa Rica,2016,0,0,0,0,0,0,0,0,0,0,0,0,0
AMR,CRI,Costa Rica,2017,0,0,0,0,0,0,0,0,0,0,0,0,0
AMR,CRI,Costa Rica,2018,0,0,0,0,0,0,0,0,0,0,0,0,0
AMR,CRI,Costa Rica,2019,0,3,4,0,,,,,,,,,7
AFR,CIV,Cote d'Ivoire,2011,56,36,83,40,108,79,35,49,31,48,49,5,619
AFR,CIV,Cote d'Ivoire,2012,17,38,30,26,28,5,3,0,1,1,2,1,152
AFR,CIV,Cote d'Ivoire,2013,5,5,14,6,8,0,4,0,1,0,0,4,47
AFR,CIV,Cote d'Ivoire,2014,3,2,3,6,2,1,2,2,7,8,12,2,50
AFR,CIV,Cote d'Ivoire,2015,0,3,8,7,4,4,4,1,2,14,0,12,59
AFR,CIV,Cote d'Ivoire,2016,3,4,8,1,5,3,4,5,8,6,5,2,54
AFR,CIV,Cote d'Ivoire,2017,1,8,18,10,22,6,8,4,10,31,24,24,166
AFR,CIV,Cote d'Ivoire,2018,155,77,36,25,22,46,97,21,37,20,25,13,574
AFR,CIV,Cote d'Ivoire,2019,27,186,266,0,,,,,,,,,479
EUR,HRV,Croatia,2011,2,0,0,0,0,3,2,0,0,0,0,0,7
EUR,HRV,Croatia,2012,0,0,0,2,0,1,0,0,0,0,0,0,3
EUR,HRV,Croatia,2013,0,0,0,0,0,0,0,1,0,0,0,0,1
EUR,HRV,Croatia,2014,1,1,0,1,0,0,0,0,0,0,1,13,17
EUR,HRV,Croatia,2015,51,38,55,37,29,8,0,0,0,0,0,0,218
EUR,HRV,Croatia,2016,0,0,0,2,0,0,1,0,1,0,0,0,4
EUR,HRV,Croatia,2017,2,5,0,0,0,0,0,0,0,0,0,0,7
EUR,HRV,Croatia,2018,0,0,0,1,2,16,3,1,0,0,0,0,23
EUR,HRV,Croatia,2019,0,0,0,0,,,,,,,,,0
AMR,CUB,Cuba,2011,,,,,,,,,,,,,0
AMR,CUB,Cuba,2012,0,0,0,0,0,0,0,0,0,0,0,0,0
AMR,CUB,Cuba,2013,0,0,0,0,0,0,0,0,0,0,0,0,0
AMR,CUB,Cuba,2014,0,0,0,0,0,0,0,0,0,0,0,0,0
AMR,CUB,Cuba,2015,0,0,0,0,0,0,0,0,0,0,0,0,0
AMR,CUB,Cuba,2016,0,0,0,0,0,0,0,0,0,0,0,0,0
AMR,CUB,Cuba,2017,0,0,0,0,0,0,0,0,0,0,0,0,0
AMR,CUB,Cuba,2018,0,0,0,0,0,0,0,0,0,0,0,0,0
AMR,CUB,Cuba,2019,0,0,0,0,,,,,,,,,0
EUR,CYP,Cyprus,2011,0,0,0,0,0,0,0,0,0,0,0,0,0
EUR,CYP,Cyprus,2012,0,1,0,0,0,0,0,0,0,0,0,0,1
EUR,CYP,Cyprus,2013,0,0,0,0,0,0,0,0,0,0,0,0,0
EUR,CYP,Cyprus,2014,0,1,4,5,0,0,0,0,0,0,0,0,10
EUR,CYP,Cyprus,2015,0,0,0,0,0,0,0,0,0,0,0,0,0
EUR,CYP,Cyprus,2016,0,0,0,0,0,0,0,0,0,0,0,0,0
EUR,CYP,Cyprus,2017,0,0,0,0,2,1,0,0,0,0,0,1,4
EUR,CYP,Cyprus,2018,5,7,2,0,0,0,0,0,0,0,0,0,14
EUR,CYP,Cyprus,2019,1,0,0,0,,,,,,,,,1
EUR,CZE,Czech Republic,2011,0,0,4,5,4,1,1,1,0,0,0,2,18
EUR,CZE,Czech Republic,2012,4,2,0,7,2,3,1,2,0,0,0,0,21
EUR,CZE,Czech Republic,2013,0,8,2,1,3,0,0,0,0,0,0,1,15
EUR,CZE,Czech Republic,2014,1,52,66,34,30,25,12,2,0,0,0,1,223
EUR,CZE,Czech Republic,2015,3,0,1,1,2,1,0,0,0,0,0,0,8
EUR,CZE,Czech Republic,2016,0,1,0,2,2,0,0,1,0,0,1,0,7
EUR,CZE,Czech Republic,2017,0,3,35,58,36,3,1,0,0,0,9,4,149
EUR,CZE,Czech Republic,2018,16,22,38,39,24,10,3,6,6,6,20,27,217
EUR,CZE,Czech Republic,2019,50,116,44,0,,,,,,,,,210
SEAR,PRK,Democratic People's Republic of Korea,2011,0,0,0,0,0,0,0,0,0,0,0,0,0
SEAR,PRK,Democratic People's Republic of Korea,2012,0,0,0,0,0,0,0,0,0,0,0,0,0
SEAR,PRK,Democratic People's Republic of Korea,2013,0,0,0,0,0,0,0,5,3,0,0,0,8
SEAR,PRK,Democratic People's Republic of Korea,2014,0,0,0,0,0,0,0,0,0,0,0,0,0
SEAR,PRK,Democratic People's Republic of Korea,2015,0,0,0,0,0,0,0,0,0,0,0,0,0
SEAR,PRK,Democratic People's Republic of Korea,2016,0,0,0,7,0,0,0,0,0,0,0,0,7
SEAR,PRK,Democratic People's Republic of Korea,2017,0,0,0,0,0,0,0,0,0,0,0,0,0
SEAR,PRK,Democratic People's Republic of Korea,2018,0,0,0,0,0,0,0,0,0,0,0,0,0
SEAR,PRK,Democratic People's Republic of Korea,2019,0,0,0,0,,,,,,,,,0
AFR,COD,Democratic Republic of the Congo,2011,95,119,232,149,101,121,209,158,116,55,107,189,1651
AFR,COD,Democratic Republic of the Congo,2012,142,152,159,140,109,277,175,641,322,112,62,41,2332
AFR,COD,Democratic Republic of the Congo,2013,146,180,147,84,79,142,443,394,253,231,360,68,2527
AFR,COD,Democratic Republic of the Congo,2014,305,358,247,148,171,111,83,54,46,62,32,32,1649
AFR,COD,Democratic Republic of the Congo,2015,1023,277,645,578,271,349,466,603,1053,670,120,55,6110
AFR,COD,Democratic Republic of the Congo,2016,74,118,284,269,183,76,20,64,218,222,375,3560,5463
AFR,COD,Democratic Republic of the Congo,2017,1044,399,556,272,136,288,400,106,114,68,77,150,3610
AFR,COD,Democratic Republic of the Congo,2018,377,616,1186,298,173,156,327,269,491,1121,362,245,5621
AFR,COD,Democratic Republic of the Congo,2019,632,604,178,0,,,,,,,,,1414
EUR,DNK,Denmark,2011,7,13,23,20,17,2,2,0,0,0,0,0,84
EUR,DNK,Denmark,2012,1,0,0,0,1,0,0,0,0,0,0,0,2
EUR,DNK,Denmark,2013,3,0,8,6,0,0,0,0,0,0,0,0,17
EUR,DNK,Denmark,2014,0,5,8,10,1,1,1,3,0,0,0,0,29
EUR,DNK,Denmark,2015,0,2,1,0,5,1,0,0,0,0,0,0,9
EUR,DNK,Denmark,2016,0,0,0,1,0,0,0,1,0,0,0,1,3
EUR,DNK,Denmark,2017,0,0,1,0,0,0,0,3,0,0,0,0,4
EUR,DNK,Denmark,2018,0,0,3,0,0,0,0,2,2,0,0,1,8
EUR,DNK,Denmark,2019,2,2,2,0,,,,,,,,,6
EMR,DJI,Djibouti,2011,0,0,0,0,0,6,0,7,0,0,5,0,18
EMR,DJI,Djibouti,2012,0,0,0,0,0,0,0,0,0,0,0,0,0
EMR,DJI,Djibouti,2013,,,,,,,,,,,,,0
EMR,DJI,Djibouti,2014,0,0,0,0,0,6,0,0,0,0,0,0,6
EMR,DJI,Djibouti,2015,4,26,0,0,0,0,0,0,0,0,0,0,30
EMR,DJI,Djibouti,2016,,,,,,,,,,,,,0
EMR,DJI,Djibouti,2017,,,,,,,,,,,,,0
EMR,DJI,Djibouti,2018,,,,,,,,,,,,,0
EMR,DJI,Djibouti,2019,,,,,,,,,,,,,0
AMR,DMA,Dominica,2011,,,,,,,,,,,,,0
AMR,DMA,Dominica,2012,,,,,,,,,,,,,0
AMR,DMA,Dominica,2013,,,,,,,,,,,,,0
AMR,DMA,Dominica,2014,0,0,0,0,0,0,0,0,0,0,0,0,0
AMR,DMA,Dominica,2015,,,,,,,,,,,,,0
AMR,DMA,Dominica,2016,0,0,0,0,0,0,0,0,0,0,0,0,0
AMR,DMA,Dominica,2017,,,,,,,,,,,,,0
AMR,DMA,Dominica,2018,,,,,,,,,,,,,0
AMR,DMA,Dominica,2019,,,,,,,,,,,,,0
AMR,DOM,Dominican Republic,2011,1,0,0,0,1,0,0,0,0,0,0,0,2
AMR,DOM,Dominican Republic,2012,0,0,0,0,0,0,0,0,0,0,0,0,0
AMR,DOM,Dominican Republic,2013,0,0,0,0,0,0,0,0,0,0,0,0,0
AMR,DOM,Dominican Republic,2014,0,0,0,0,0,0,0,0,0,0,0,0,0
AMR,DOM,Dominican Republic,2015,0,0,0,0,0,0,0,0,0,0,0,0,0
AMR,DOM,Dominican Republic,2016,0,0,0,0,0,0,0,0,0,0,0,0,0
AMR,DOM,Dominican Republic,2017,0,0,0,0,0,0,0,0,0,0,0,0,0
AMR,DOM,Dominican Republic,2018,0,0,0,0,0,0,0,0,0,0,0,0,0
AMR,DOM,Dominican Republic,2019,0,0,0,0,,,,,,,,,0
AMR,ECU,Ecuador,2011,0,0,0,0,0,0,0,0,1,3,8,10,22
AMR,ECU,Ecuador,2012,39,14,12,6,2,4,5,0,0,0,0,0,82
AMR,ECU,Ecuador,2013,,,,,,,,,,,,,0
AMR,ECU,Ecuador,2014,0,0,0,0,0,0,0,0,0,0,0,0,0
AMR,ECU,Ecuador,2015,0,0,0,0,0,0,0,0,0,0,0,0,0
AMR,ECU,Ecuador,2016,0,0,0,1,0,0,0,0,0,0,0,0,1
AMR,ECU,Ecuador,2017,0,0,0,0,0,0,0,0,0,0,0,0,0
AMR,ECU,Ecuador,2018,,,,,,,,,,,,,0
AMR,ECU,Ecuador,2019,,,,,,,,,,,,,0
EMR,EGY,Egypt,2011,6,1,4,1,6,2,2,2,0,2,0,0,26
EMR,EGY,Egypt,2012,0,18,32,138,30,6,5,4,3,2,1,2,241
EMR,EGY,Egypt,2013,3,13,4,21,30,24,14,61,82,56,37,67,412
EMR,EGY,Egypt,2014,50,45,132,189,204,178,136,183,143,106,226,682,2274
EMR,EGY,Egypt,2015,583,589,869,965,891,550,361,228,141,118,78,25,5398
EMR,EGY,Egypt,2016,29,13,35,54,25,22,19,11,2,4,1,2,217
EMR,EGY,Egypt,2017,0,3,9,3,2,0,2,1,0,1,1,1,23
EMR,EGY,Egypt,2018,0,0,0,0,1,0,0,0,10,8,0,5,24
EMR,EGY,Egypt,2019,4,25,4,0,,,,,,,,,33
AMR,SLV,El Salvador,2011,,,,,,,,,,,,,0
AMR,SLV,El Salvador,2012,,,,,,,,,,,,,0
AMR,SLV,El Salvador,2013,,,,,,,,,,,,,0
AMR,SLV,El Salvador,2014,0,0,0,0,0,0,0,0,0,0,0,0,0
AMR,SLV,El Salvador,2015,0,0,0,0,0,0,0,0,0,0,0,0,0
AMR,SLV,El Salvador,2016,0,0,0,0,0,0,0,0,0,0,0,0,0
AMR,SLV,El Salvador,2017,0,0,0,0,0,0,0,0,0,0,0,0,0
AMR,SLV,El Salvador,2018,0,0,0,0,0,0,0,0,0,0,0,0,0
AMR,SLV,El Salvador,2019,0,0,0,0,,,,,,,,,0
AFR,GNQ,Equatorial Guinea,2011,0,0,0,0,0,0,0,0,0,0,0,0,0
AFR,GNQ,Equatorial Guinea,2012,0,0,4,0,0,4,0,0,0,0,0,0,8
AFR,GNQ,Equatorial Guinea,2013,0,0,0,0,0,0,0,0,0,0,3,3,6
AFR,GNQ,Equatorial Guinea,2014,0,0,0,0,0,0,0,0,1,0,5,2,8
AFR,GNQ,Equatorial Guinea,2015,118,139,138,142,57,90,28,21,42,100,187,731,1793
AFR,GNQ,Equatorial Guinea,2016,522,518,511,105,30,2,0,0,0,0,0,6,1694
AFR,GNQ,Equatorial Guinea,2017,0,1,0,0,0,0,7,1,0,5,6,0,20
AFR,GNQ,Equatorial Guinea,2018,1,2,0,0,1,0,1,3,8,3,6,4,29
AFR,GNQ,Equatorial Guinea,2019,6,2,12,0,,,,,,,,,20
AFR,ERI,Eritrea,2011,0,0,5,2,0,0,0,0,0,0,3,4,14
AFR,ERI,Eritrea,2012,1,0,2,13,17,31,14,7,10,0,0,0,95
AFR,ERI,Eritrea,2013,6,18,2,7,1,0,7,1,0,7,0,0,49
AFR,ERI,Eritrea,2014,0,0,0,1,0,0,0,0,0,0,0,0,1
AFR,ERI,Eritrea,2015,6,2,25,0,5,11,3,6,22,18,16,12,126
AFR,ERI,Eritrea,2016,13,5,4,7,20,2,7,6,4,8,5,0,81
AFR,ERI,Eritrea,2017,3,2,11,18,24,2,0,0,0,0,0,0,60
AFR,ERI,Eritrea,2018,1,1,4,36,23,0,0,4,3,0,0,0,72
AFR,ERI,Eritrea,2019,,,,,,,,,,,,,0
EUR,EST,Estonia,2011,0,0,4,1,1,1,0,0,0,0,0,0,7
EUR,EST,Estonia,2012,0,0,0,2,1,0,0,0,0,0,1,0,4
EUR,EST,Estonia,2013,0,0,2,0,0,0,0,0,0,0,0,0,2
EUR,EST,Estonia,2014,0,0,0,0,0,0,0,0,0,0,0,0,0
EUR,EST,Estonia,2015,0,0,1,0,0,0,0,0,0,0,2,1,4
EUR,EST,Estonia,2016,1,0,1,0,0,0,0,0,0,0,0,0,2
EUR,EST,Estonia,2017,0,0,0,0,1,0,0,0,0,0,0,0,1
EUR,EST,Estonia,2018,0,0,4,6,0,0,0,0,0,0,0,0,10
EUR,EST,Estonia,2019,4,5,0,0,,,,,,,,,9
AFR,ETH,Ethiopia,2011,1275,691,682,149,130,92,67,34,56,64,211,101,3552
AFR,ETH,Ethiopia,2012,2082,409,309,386,379,149,171,93,116,145,225,152,4616
AFR,ETH,Ethiopia,2013,602,587,402,348,217,143,89,164,430,920,1354,881,6137
AFR,ETH,Ethiopia,2014,2284,3492,3315,1209,853,898,516,465,172,235,361,482,14282
AFR,ETH,Ethiopia,2015,2232,5539,2844,2441,803,537,288,268,526,970,1400,2812,20660
AFR,ETH,Ethiopia,2016,1329,1351,774,124,129,120,114,60,58,96,254,168,4577
AFR,ETH,Ethiopia,2017,214,379,249,106,58,68,74,159,197,129,87,201,1921
AFR,ETH,Ethiopia,2018,182,171,146,45,116,98,137,52,236,168,0,0,1351
AFR,ETH,Ethiopia,2019,,,,,,,,,,,,,0
WPR,FJI,Fiji,2011,0,0,0,0,0,0,0,0,0,0,0,0,0
WPR,FJI,Fiji,2012,0,0,0,0,0,0,0,0,0,0,0,0,0
WPR,FJI,Fiji,2013,0,0,0,0,0,0,0,0,0,0,0,0,0
WPR,FJI,Fiji,2014,0,0,0,0,0,0,0,0,0,0,0,0,0
WPR,FJI,Fiji,2015,0,1,0,0,0,0,0,0,0,0,0,0,1
WPR,FJI,Fiji,2016,0,1,1,1,1,1,0,0,0,0,0,0,5
WPR,FJI,Fiji,2017,0,0,0,0,1,0,0,0,0,0,0,0,1
WPR,FJI,Fiji,2018,0,0,0,0,0,0,0,0,0,0,0,0,0
WPR,FJI,Fiji,2019,0,0,0,0,,,,,,,,,0
EUR,FIN,Finland,2011,1,0,1,2,12,4,0,5,0,1,3,0,29
EUR,FIN,Finland,2012,0,0,0,3,0,0,0,0,1,0,0,0,4
EUR,FIN,Finland,2013,0,0,0,1,0,1,0,0,0,0,0,0,2
EUR,FIN,Finland,2014,1,0,0,0,0,1,0,0,0,0,0,0,2
EUR,FIN,Finland,2015,0,0,0,1,0,0,0,0,0,0,0,0,1
EUR,FIN,Finland,2016,0,1,0,1,0,0,0,0,0,0,0,3,5
EUR,FIN,Finland,2017,0,0,0,0,0,1,7,2,0,0,0,0,10
EUR,FIN,Finland,2018,0,0,0,1,3,0,0,3,0,0,2,6,15
EUR,FIN,Finland,2019,3,3,0,0,,,,,,,,,6
EUR,FRA,France,2011,1560,2447,3716,3304,2267,927,408,148,90,81,122,144,15214
EUR,FRA,France,2012,106,123,140,110,103,92,75,31,10,25,27,17,859
EUR,FRA,France,2013,26,22,23,46,37,34,25,13,13,15,11,7,272
EUR,FRA,France,2014,40,35,25,33,45,43,15,9,5,3,7,7,267
EUR,FRA,France,2015,8,5,13,94,150,53,17,10,2,6,4,11,373
EUR,FRA,France,2016,18,14,12,3,0,7,6,4,7,2,2,4,79
EUR,FRA,France,2017,34,54,49,62,114,43,39,15,19,13,11,65,518
EUR,FRA,France,2018,237,515,761,620,250,191,81,29,38,76,61,54,2913
EUR,FRA,France,2019,125,188,0,0,,,,,,,,,313
AFR,GAB,Gabon,2011,0,0,0,0,0,0,0,0,0,0,1,0,1
AFR,GAB,Gabon,2012,0,0,0,0,3,0,2,1,0,1,0,0,7
AFR,GAB,Gabon,2013,6,23,46,8,6,13,7,5,4,2,6,2,128
AFR,GAB,Gabon,2014,5,5,18,4,1,4,2,1,2,0,0,0,42
AFR,GAB,Gabon,2015,0,5,6,2,2,3,3,2,4,6,6,12,51
AFR,GAB,Gabon,2016,8,39,157,271,204,188,109,61,57,95,128,217,1534
AFR,GAB,Gabon,2017,298,407,293,25,36,15,1,1,5,0,0,2,1083
AFR,GAB,Gabon,2018,0,0,0,0,1,0,0,0,0,0,0,0,1
AFR,GAB,Gabon,2019,,,,,,,,,,,,,0
AFR,GMB,Gambia,2011,0,0,0,0,0,0,0,0,0,0,0,0,0
AFR,GMB,Gambia,2012,0,0,0,0,0,0,0,0,0,0,0,0,0
AFR,GMB,Gambia,2013,0,0,0,0,0,0,1,0,0,0,0,0,1
AFR,GMB,Gambia,2014,0,0,0,1,0,0,0,0,0,0,0,0,1
AFR,GMB,Gambia,2015,2,0,0,1,11,9,0,0,0,0,0,0,23
AFR,GMB,Gambia,2016,49,0,1,0,0,0,0,0,0,0,0,0,50
AFR,GMB,Gambia,2017,0,0,0,0,0,0,0,0,0,0,0,1,1
AFR,GMB,Gambia,2018,2,0,2,1,0,0,0,0,0,0,1,0,6
AFR,GMB,Gambia,2019,1,8,0,0,,,,,,,,,9
EUR,GEO,Georgia,2011,0,1,4,3,11,6,7,17,6,7,1,1,64
EUR,GEO,Georgia,2012,1,0,3,3,6,1,7,2,4,0,0,3,30
EUR,GEO,Georgia,2013,4,54,593,1987,2446,1522,662,156,142,65,93,144,7868
EUR,GEO,Georgia,2014,200,244,484,752,713,445,181,70,21,13,29,38,3190
EUR,GEO,Georgia,2015,44,81,61,55,107,65,12,3,1,0,0,1,430
EUR,GEO,Georgia,2016,1,0,0,2,0,4,3,1,1,0,2,0,14
EUR,GEO,Georgia,2017,0,0,0,2,0,1,1,9,9,1,13,60,96
EUR,GEO,Georgia,2018,125,159,158,221,253,211,163,60,47,105,219,482,2203
EUR,GEO,Georgia,2019,1098,0,0,0,,,,,,,,,1098
EUR,DEU,Germany,2011,70,97,187,430,433,168,113,37,27,11,22,5,1600
EUR,DEU,Germany,2012,14,10,11,21,51,23,13,10,2,3,7,2,167
EUR,DEU,Germany,2013,10,16,60,176,533,355,258,142,108,60,39,24,1781
EUR,DEU,Germany,2014,16,31,45,34,31,24,13,37,26,29,43,196,525
EUR,DEU,Germany,2015,432,443,608,442,234,109,64,18,15,12,2,4,2383
EUR,DEU,Germany,2016,7,7,15,33,60,51,44,29,24,16,31,11,328
EUR,DEU,Germany,2017,89,176,192,189,125,39,46,33,8,8,12,19,936
EUR,DEU,Germany,2018,29,34,61,101,89,102,42,25,25,8,9,17,542
EUR,DEU,Germany,2019,108,47,0,0,,,,,,,,,155
AFR,GHA,Ghana,2011,4,16,27,11,11,5,5,9,13,17,12,6,136
AFR,GHA,Ghana,2012,30,49,73,48,39,32,15,26,11,6,14,1,344
AFR,GHA,Ghana,2013,37,48,53,67,25,10,15,13,18,5,8,7,306
AFR,GHA,Ghana,2014,37,30,18,13,15,16,2,1,1,1,0,0,134
AFR,GHA,Ghana,2015,1,5,3,7,11,4,3,5,10,8,10,0,67
AFR,GHA,Ghana,2016,6,5,9,39,78,90,74,96,38,17,2,1,455
AFR,GHA,Ghana,2017,12,4,15,80,191,167,53,1,5,166,147,104,945
AFR,GHA,Ghana,2018,62,190,51,66,144,39,19,66,95,198,137,38,1105
AFR,GHA,Ghana,2019,32,237,24,0,,,,,,,,,293
EUR,GRC,Greece,2011,0,2,6,17,10,2,3,0,0,0,0,0,40
EUR,GRC,Greece,2012,0,0,0,0,1,1,0,0,0,0,0,1,3
EUR,GRC,Greece,2013,2,0,0,0,0,0,0,0,0,0,0,0,2
EUR,GRC,Greece,2014,0,0,0,0,0,0,0,0,0,0,1,0,1
EUR,GRC,Greece,2015,0,0,0,0,0,0,0,0,1,0,0,0,1
EUR,GRC,Greece,2016,0,0,0,0,0,0,0,0,0,0,0,0,0
EUR,GRC,Greece,2017,0,0,0,0,3,2,13,93,114,192,304,346,1067
EUR,GRC,Greece,2018,466,454,501,371,249,112,29,8,2,0,0,1,2193
EUR,GRC,Greece,2019,1,2,0,0,,,,,,,,,3
AMR,GRD,Grenada,2011,,,,,,,,,,,,,0
AMR,GRD,Grenada,2012,,,,,,,,,,,,,0
AMR,GRD,Grenada,2013,,,,,,,,,,,,,0
AMR,GRD,Grenada,2014,,,,,,,,,,,,,0
AMR,GRD,Grenada,2015,0,0,0,0,0,0,0,0,0,0,0,0,0
AMR,GRD,Grenada,2016,0,0,0,0,0,0,0,0,0,0,0,0,0
AMR,GRD,Grenada,2017,0,0,0,0,0,0,0,0,0,0,0,0,0
AMR,GRD,Grenada,2018,0,0,0,0,0,0,0,0,0,0,0,0,0
AMR,GRD,Grenada,2019,0,0,0,0,,,,,,,,,0
AMR,GTM,Guatemala,2011,,,,,,,,,,,,,0
AMR,GTM,Guatemala,2012,,,,,,,,,,,,,0
AMR,GTM,Guatemala,2013,,,,,,,,,,,,,0
AMR,GTM,Guatemala,2014,0,0,0,0,0,0,0,0,0,0,0,0,0
AMR,GTM,Guatemala,2015,0,0,0,0,0,0,0,0,0,0,0,0,0
AMR,GTM,Guatemala,2016,0,0,0,0,0,0,0,0,0,0,0,0,0
AMR,GTM,Guatemala,2017,0,0,0,0,0,0,0,0,0,0,0,0,0
AMR,GTM,Guatemala,2018,1,0,0,0,0,0,0,0,0,0,0,0,1
AMR,GTM,Guatemala,2019,0,0,0,0,,,,,,,,,0
AFR,GIN,Guinea,2011,5,0,0,1,0,0,1,0,0,0,6,7,20
AFR,GIN,Guinea,2012,0,6,0,3,4,0,1,0,0,0,0,0,14
AFR,GIN,Guinea,2013,0,0,0,0,2,1,0,2,3,6,7,38,59
AFR,GIN,Guinea,2014,52,59,30,8,28,19,7,1,2,6,4,0,216
AFR,GIN,Guinea,2015,16,7,6,0,0,0,0,0,0,0,0,0,29
AFR,GIN,Guinea,2016,23,32,10,23,58,65,36,30,24,12,23,0,336
AFR,GIN,Guinea,2017,151,96,40,16,31,46,25,34,37,48,41,31,596
AFR,GIN,Guinea,2018,21,38,81,143,93,40,23,16,15,8,22,17,517
AFR,GIN,Guinea,2019,73,47,0,0,,,,,,,,,120
AFR,GNB,Guinea-Bissau,2011,0,0,0,0,0,0,0,0,0,0,0,0,0
AFR,GNB,Guinea-Bissau,2012,2,3,0,0,0,0,0,0,0,0,0,0,5
AFR,GNB,Guinea-Bissau,2013,,,,,,,,,,,,,0
AFR,GNB,Guinea-Bissau,2014,0,0,0,0,0,0,0,0,0,0,0,0,0
AFR,GNB,Guinea-Bissau,2015,,,,,,,,,,,,,0
AFR,GNB,Guinea-Bissau,2016,,,,,,,,,,,,,0
AFR,GNB,Guinea-Bissau,2017,,,,,,,,,,,,,0
AFR,GNB,Guinea-Bissau,2018,,,,,,,,,,,,,0
AFR,GNB,Guinea-Bissau,2019,,,,,,,,,,,,,0
AMR,GUY,Guyana,2011,0,0,0,0,0,0,0,0,0,0,0,0,0
AMR,GUY,Guyana,2012,0,0,0,0,0,0,0,0,0,0,0,0,0
AMR,GUY,Guyana,2013,0,0,0,0,0,0,0,0,0,0,0,0,0
AMR,GUY,Guyana,2014,0,0,0,0,0,0,0,0,0,0,0,0,0
AMR,GUY,Guyana,2015,0,0,0,0,0,0,0,0,0,0,0,0,0
AMR,GUY,Guyana,2016,0,0,0,0,0,0,0,0,0,0,0,0,0
AMR,GUY,Guyana,2017,0,0,0,0,0,0,0,0,0,0,0,0,0
AMR,GUY,Guyana,2018,0,0,0,0,0,0,0,0,0,0,0,0,0
AMR,GUY,Guyana,2019,0,0,0,0,,,,,,,,,0
AMR,HTI,Haiti,2011,,,,,,,,,,,,,0
AMR,HTI,Haiti,2012,,,,,,,,,,,,,0
AMR,HTI,Haiti,2013,,,,,,,,,,,,,0
AMR,HTI,Haiti,2014,0,0,0,0,0,0,0,0,0,0,0,0,0
AMR,HTI,Haiti,2015,0,0,0,0,0,0,0,0,0,0,0,0,0
AMR,HTI,Haiti,2016,0,0,0,0,0,0,0,0,0,0,0,0,0
AMR,HTI,Haiti,2017,0,0,0,0,0,0,0,0,0,0,0,0,0
AMR,HTI,Haiti,2018,0,0,0,0,0,0,0,0,0,0,0,0,0
AMR,HTI,Haiti,2019,0,0,0,0,,,,,,,,,0
AMR,HND,Honduras,2011,,,,,,,,,,,,,0
AMR,HND,Honduras,2012,,,,,,,,,,,,,0
AMR,HND,Honduras,2013,,,,,,,,,,,,,0
AMR,HND,Honduras,2014,0,0,0,0,0,0,0,0,0,0,0,0,0
AMR,HND,Honduras,2015,0,0,0,0,0,0,0,0,0,0,0,0,0
AMR,HND,Honduras,2016,0,0,0,0,0,0,0,0,0,0,0,0,0
AMR,HND,Honduras,2017,0,0,0,0,0,0,0,0,0,0,0,0,0
AMR,HND,Honduras,2018,0,0,0,0,0,0,0,0,0,0,0,0,0
AMR,HND,Honduras,2019,0,0,0,0,,,,,,,,,0
EUR,HUN,Hungary,2011,0,0,0,0,0,0,0,0,0,0,0,0,0
EUR,HUN,Hungary,2012,0,1,0,0,0,0,0,0,0,0,0,0,1
EUR,HUN,Hungary,2013,0,0,1,0,0,0,0,0,0,0,0,0,1
EUR,HUN,Hungary,2014,0,0,0,0,0,0,0,0,0,0,0,0,0
EUR,HUN,Hungary,2015,0,0,0,0,0,0,0,0,0,0,0,0,0
EUR,HUN,Hungary,2016,0,0,0,0,0,0,0,0,0,0,0,0,0
EUR,HUN,Hungary,2017,1,11,3,0,0,0,9,10,1,1,0,0,36
EUR,HUN,Hungary,2018,2,5,6,0,0,0,0,0,0,0,0,1,14
EUR,HUN,Hungary,2019,2,5,0,0,,,,,,,,,7
EUR,ISL,Iceland,2011,0,0,0,0,0,0,0,0,0,0,0,0,0
EUR,ISL,Iceland,2012,0,0,0,0,0,0,0,0,0,0,0,0,0
EUR,ISL,Iceland,2013,0,0,0,0,0,0,0,0,0,0,0,0,0
EUR,ISL,Iceland,2014,0,0,1,0,0,0,0,0,0,0,0,0,1
EUR,ISL,Iceland,2015,0,0,0,0,0,0,0,0,0,0,0,0,0
EUR,ISL,Iceland,2016,0,0,0,0,0,0,0,1,0,0,0,0,1
EUR,ISL,Iceland,2017,0,0,2,0,0,0,0,0,0,0,1,0,3
EUR,ISL,Iceland,2018,0,0,0,0,0,0,0,0,0,0,0,0,0
EUR,ISL,Iceland,2019,0,1,0,0,,,,,,,,,1
SEAR,IND,India,2011,,,,,,,,,,,,,0
SEAR,IND,India,2012,,,,,,,,,,,,,0
SEAR,IND,India,2013,,,,,,,,,,,,,0
SEAR,IND,India,2014,7268,7127,9345,11462,5908,3982,3613,3403,5464,6644,7547,8543,80306
SEAR,IND,India,2015,11329,11331,11194,11214,7906,5416,5069,4563,4248,3133,3058,4565,83026
SEAR,IND,India,2016,9939,11584,14796,8926,5891,3754,1687,2536,2172,2711,3700,3102,70798
SEAR,IND,India,2017,5532,7023,10762,8377,5687,3377,2635,3254,2965,2645,4395,4636,61288
SEAR,IND,India,2018,7619,7827,13085,11071,9921,4498,2791,3053,2274,2269,1925,2508,68841
SEAR,IND,India,2019,3356,3890,0,0,,,,,,,,,7246
SEAR,IDN,Indonesia,2011,2542,1982,2105,2897,2491,2487,2138,1521,1504,1367,1230,1246,23510
SEAR,IDN,Indonesia,2012,2334,1777,1900,1924,1690,1301,1088,718,905,1180,1059,910,16786
SEAR,IDN,Indonesia,2013,1220,1157,1107,1217,1050,770,590,323,762,789,660,448,10093
SEAR,IDN,Indonesia,2014,1047,1104,1203,1176,898,818,512,508,513,787,594,338,9498
SEAR,IDN,Indonesia,2015,927,901,764,625,398,361,236,299,442,644,348,264,6209
SEAR,IDN,Indonesia,2016,832,883,678,423,495,424,258,402,449,690,877,793,7204
SEAR,IDN,Indonesia,2017,2155,1698,1322,1056,1019,749,787,898,603,443,425,234,11389
SEAR,IDN,Indonesia,2018,1072,865,737,624,469,187,293,346,382,175,202,60,5412
SEAR,IDN,Indonesia,2019,145,41,0,0,,,,,,,,,186
EMR,IRN,Iran (Islamic Republic of),2011,8,12,8,9,21,18,9,13,11,16,43,3,171
EMR,IRN,Iran (Islamic Republic of),2012,2,3,17,30,53,16,27,14,15,7,13,25,222
EMR,IRN,Iran (Islamic Republic of),2013,14,5,12,27,21,20,13,5,4,4,1,1,127
EMR,IRN,Iran (Islamic Republic of),2014,0,0,2,9,8,6,9,5,7,4,2,8,60
EMR,IRN,Iran (Islamic Republic of),2015,49,59,116,142,233,85,42,25,26,21,28,14,840
EMR,IRN,Iran (Islamic Republic of),2016,5,10,4,3,5,1,3,2,1,3,8,37,82
EMR,IRN,Iran (Islamic Republic of),2017,13,10,9,5,3,1,5,0,1,2,0,2,51
EMR,IRN,Iran (Islamic Republic of),2018,2,3,18,13,19,9,11,3,0,4,5,6,93
EMR,IRN,Iran (Islamic Republic of),2019,0,0,0,0,,,,,,,,,0
EMR,IRQ,Iraq,2011,1,0,3,2,1,1,3,1,1,0,0,2,15
EMR,IRQ,Iraq,2012,0,0,1,0,0,0,0,1,2,7,1,9,21
EMR,IRQ,Iraq,2013,43,74,69,70,123,129,95,31,19,17,12,23,705
EMR,IRQ,Iraq,2014,30,55,144,192,366,72,23,35,43,37,53,109,1159
EMR,IRQ,Iraq,2015,137,222,253,264,274,122,95,38,19,19,35,23,1501
EMR,IRQ,Iraq,2016,4,2,2,1,3,4,3,5,2,0,1,0,27
EMR,IRQ,Iraq,2017,0,0,0,1,3,2,0,1,5,1,3,5,21
EMR,IRQ,Iraq,2018,16,22,73,44,115,36,76,33,24,19,9,17,484
EMR,IRQ,Iraq,2019,58,57,0,0,,,,,,,,,115
EUR,IRL,Ireland,2011,0,7,13,23,15,39,36,16,20,12,7,5,193
EUR,IRL,Ireland,2012,2,3,4,10,53,10,3,8,5,5,0,1,104
EUR,IRL,Ireland,2013,1,2,0,5,10,6,2,2,6,12,4,1,51
EUR,IRL,Ireland,2014,3,4,20,2,0,0,1,1,1,0,2,1,35
EUR,IRL,Ireland,2015,2,1,0,3,1,2,2,0,0,2,0,0,13
EUR,IRL,Ireland,2016,0,1,0,2,24,8,4,4,0,0,0,0,43
EUR,IRL,Ireland,2017,0,0,1,0,0,0,0,0,0,12,9,3,25
EUR,IRL,Ireland,2018,9,19,17,4,1,1,7,15,2,1,1,1,78
EUR,IRL,Ireland,2019,3,16,0,0,,,,,,,,,19
EUR,ISR,Israel,2011,0,0,4,0,3,2,0,0,21,10,4,2,46
EUR,ISR,Israel,2012,3,14,21,5,27,52,25,1,1,0,0,0,149
EUR,ISR,Israel,2013,2,18,21,12,0,1,0,1,2,0,0,0,57
EUR,ISR,Israel,2014,1,0,0,0,0,1,0,0,1,0,0,0,3
EUR,ISR,Israel,2015,5,4,12,11,27,11,7,1,2,0,0,0,80
EUR,ISR,Israel,2016,1,2,0,0,0,1,0,1,5,0,0,0,10
EUR,ISR,Israel,2017,0,0,0,0,7,9,0,0,0,0,0,0,16
EUR,ISR,Israel,2018,3,0,9,34,37,75,76,140,337,957,897,575,3140
EUR,ISR,Israel,2019,278,126,7,0,,,,,,,,,411
EUR,ITA,Italy,2011,337,340,577,921,1303,849,416,176,99,61,57,53,5189
EUR,ITA,Italy,2012,59,120,84,98,95,52,23,5,11,42,7,11,607
EUR,ITA,Italy,2013,85,207,215,213,357,384,200,75,44,35,177,264,2256
EUR,ITA,Italy,2014,1019,490,662,394,219,120,103,82,61,57,43,36,3286
EUR,ITA,Italy,2015,13,17,15,31,32,12,20,16,15,14,33,47,265
EUR,ITA,Italy,2016,78,82,73,77,83,85,45,34,54,79,83,89,862
EUR,ITA,Italy,2017,296,481,973,863,802,661,598,251,164,125,66,113,5393
EUR,ITA,Italy,2018,219,301,391,498,461,317,147,79,56,83,58,76,2686
EUR,ITA,Italy,2019,172,160,0,0,,,,,,,,,332
AMR,JAM,Jamaica,2011,0,0,0,0,0,0,0,0,0,0,1,0,1
AMR,JAM,Jamaica,2012,0,0,0,0,0,0,0,0,0,0,0,0,0
AMR,JAM,Jamaica,2013,0,0,0,0,0,0,0,0,0,0,0,0,0
AMR,JAM,Jamaica,2014,0,0,0,0,0,0,0,0,0,0,0,0,0
AMR,JAM,Jamaica,2015,0,0,0,0,0,0,0,0,0,0,0,0,0
AMR,JAM,Jamaica,2016,0,0,0,0,0,0,0,0,0,0,0,0,0
AMR,JAM,Jamaica,2017,0,0,0,0,0,0,0,0,0,0,0,0,0
AMR,JAM,Jamaica,2018,0,0,0,0,0,0,0,0,0,0,0,0,0
AMR,JAM,Jamaica,2019,0,0,0,0,,,,,,,,,0
WPR,JPN,Japan,2011,38,27,19,96,89,51,25,20,14,10,15,7,411
WPR,JPN,Japan,2012,28,26,21,9,19,29,27,24,18,6,11,10,228
WPR,JPN,Japan,2013,22,21,33,26,14,16,19,24,6,7,7,13,208
WPR,JPN,Japan,2014,75,79,105,63,39,40,16,20,6,3,6,2,454
WPR,JPN,Japan,2015,3,2,3,11,2,3,1,2,1,3,3,1,35
WPR,JPN,Japan,2016,1,2,2,0,3,4,6,77,43,12,2,11,163
WPR,JPN,Japan,2017,16,27,68,46,3,5,2,7,9,3,0,2,188
WPR,JPN,Japan,2018,1,7,20,104,45,13,11,3,14,29,18,14,279
WPR,JPN,Japan,2019,144,116,0,0,,,,,,,,,260
EMR,JOR,Jordan,2011,0,0,0,0,0,0,0,0,0,0,0,0,0
EMR,JOR,Jordan,2012,0,0,3,0,0,0,0,0,0,0,0,0,3
EMR,JOR,Jordan,2013,1,9,11,21,31,11,13,11,6,3,1,1,119
EMR,JOR,Jordan,2014,0,4,1,0,3,0,1,0,0,1,0,2,12
EMR,JOR,Jordan,2015,0,0,0,0,0,0,0,0,0,0,0,0,0
EMR,JOR,Jordan,2016,0,0,0,0,0,0,0,0,0,0,0,0,0
EMR,JOR,Jordan,2017,0,0,0,0,0,0,0,0,0,0,0,0,0
EMR,JOR,Jordan,2018,0,0,0,0,0,0,0,0,0,0,0,0,0
EMR,JOR,Jordan,2019,0,0,0,0,,,,,,,,,0
EUR,KAZ,Kazakhstan,2011,2,13,15,0,0,0,0,0,0,0,0,0,30
EUR,KAZ,Kazakhstan,2012,1,11,8,20,12,1,1,0,0,0,0,55,109
EUR,KAZ,Kazakhstan,2013,0,0,0,0,2,9,4,5,2,12,20,19,73
EUR,KAZ,Kazakhstan,2014,12,25,47,56,27,43,12,13,11,27,22,22,317
EUR,KAZ,Kazakhstan,2015,220,485,426,515,347,232,58,24,7,7,6,13,2340
EUR,KAZ,Kazakhstan,2016,6,14,43,15,19,0,11,2,0,0,0,0,110
EUR,KAZ,Kazakhstan,2017,0,0,0,0,1,1,0,0,0,0,0,0,2
EUR,KAZ,Kazakhstan,2018,0,0,0,1,0,0,1,0,4,8,106,456,576
EUR,KAZ,Kazakhstan,2019,1516,1898,0,0,,,,,,,,,3414
AFR,KEN,Kenya,2011,104,172,565,291,130,141,208,394,156,156,84,61,2462
AFR,KEN,Kenya,2012,378,573,466,318,190,129,94,79,83,33,29,8,2380
AFR,KEN,Kenya,2013,24,47,21,16,11,7,23,21,21,22,24,6,243
AFR,KEN,Kenya,2014,71,76,71,42,12,43,31,8,11,1,15,9,390
AFR,KEN,Kenya,2015,1,3,13,7,8,7,11,5,8,26,6,80,175
AFR,KEN,Kenya,2016,54,23,13,12,18,2,2,1,2,3,1,0,131
AFR,KEN,Kenya,2017,2,6,6,9,3,27,1,3,2,4,0,1,64
AFR,KEN,Kenya,2018,12,51,83,11,3,25,70,122,165,162,72,47,823
AFR,KEN,Kenya,2019,3,0,0,0,,,,,,,,,3
WPR,KIR,Kiribati,2011,0,0,0,0,0,0,0,0,0,0,0,0,0
WPR,KIR,Kiribati,2012,0,0,0,0,0,0,0,0,0,0,0,0,0
WPR,KIR,Kiribati,2013,0,0,0,0,0,0,0,0,0,0,0,0,0
WPR,KIR,Kiribati,2014,0,0,0,0,0,0,0,0,0,0,0,0,0
WPR,KIR,Kiribati,2015,0,0,0,0,0,0,0,0,0,0,0,0,0
WPR,KIR,Kiribati,2016,0,0,0,0,0,0,0,0,0,0,0,0,0
WPR,KIR,Kiribati,2017,0,0,0,0,0,0,0,0,0,0,0,0,0
WPR,KIR,Kiribati,2018,0,0,0,0,0,0,0,0,0,0,0,0,0
WPR,KIR,Kiribati,2019,0,0,0,0,,,,,,,,,0
EMR,KWT,Kuwait,2011,8,4,9,20,21,2,7,5,4,2,0,0,82
EMR,KWT,Kuwait,2012,0,0,1,2,0,1,5,4,7,4,3,0,27
EMR,KWT,Kuwait,2013,5,1,6,12,7,7,0,0,0,5,9,11,63
EMR,KWT,Kuwait,2014,,,,,,,,,,,,,0
EMR,KWT,Kuwait,2015,19,22,34,38,22,20,16,16,19,10,22,11,249
EMR,KWT,Kuwait,2016,2,2,0,1,1,1,0,0,0,1,0,0,8
EMR,KWT,Kuwait,2017,0,3,4,4,0,1,1,0,0,0,0,1,14
EMR,KWT,Kuwait,2018,0,0,4,6,12,5,7,0,0,0,0,0,34
EMR,KWT,Kuwait,2019,,,,,,,,,,,,,0
EUR,KGZ,Kyrgyzstan,2011,2,0,0,18,76,89,16,3,2,4,0,0,210
EUR,KGZ,Kyrgyzstan,2012,0,0,0,0,0,0,0,0,0,0,0,0,0
EUR,KGZ,Kyrgyzstan,2013,0,0,0,0,0,0,0,0,0,0,0,0,0
EUR,KGZ,Kyrgyzstan,2014,0,0,0,0,11,36,7,20,9,4,28,203,318
EUR,KGZ,Kyrgyzstan,2015,2070,4359,4188,4435,2154,526,47,0,0,0,0,0,17779
EUR,KGZ,Kyrgyzstan,2016,0,0,0,0,0,0,0,0,0,0,0,0,0
EUR,KGZ,Kyrgyzstan,2017,0,1,0,0,0,0,0,0,0,0,2,2,5
EUR,KGZ,Kyrgyzstan,2018,30,15,33,70,80,99,60,31,75,115,173,322,1103
EUR,KGZ,Kyrgyzstan,2019,531,454,1,0,,,,,,,,,986
WPR,LAO,Laos,2011,0,1,0,0,0,14,13,14,8,20,19,24,113
WPR,LAO,Laos,2012,1,2,2,0,0,0,0,0,0,0,10,21,36
WPR,LAO,Laos,2013,28,38,1,0,1,0,0,0,0,0,1,0,69
WPR,LAO,Laos,2014,0,1,0,0,4,0,0,0,28,37,1,0,71
WPR,LAO,Laos,2015,2,28,23,3,1,0,0,0,0,0,0,0,57
WPR,LAO,Laos,2016,0,0,0,0,0,0,0,0,0,0,0,8,8
WPR,LAO,Laos,2017,3,0,0,0,0,0,0,0,0,0,0,0,3
WPR,LAO,Laos,2018,5,0,0,2,2,0,0,0,0,1,0,0,10
WPR,LAO,Laos,2019,4,0,0,0,,,,,,,,,4
EUR,LVA,Latvia,2011,0,0,0,0,0,0,0,0,0,0,0,0,0
EUR,LVA,Latvia,2012,1,2,0,0,0,0,0,0,0,0,0,0,3
EUR,LVA,Latvia,2013,0,0,0,0,0,0,0,0,0,0,0,0,0
EUR,LVA,Latvia,2014,0,0,8,24,2,1,1,0,0,0,0,0,36
EUR,LVA,Latvia,2015,0,0,0,0,0,0,0,0,0,0,0,0,0
EUR,LVA,Latvia,2016,0,0,0,0,0,0,0,0,0,0,0,0,0
EUR,LVA,Latvia,2017,0,0,0,0,0,0,0,0,0,0,0,5,5
EUR,LVA,Latvia,2018,8,2,0,2,3,0,1,1,0,1,0,2,20
EUR,LVA,Latvia,2019,0,0,0,0,,,,,,,,,0
EMR,LBN,Lebanon,2011,1,1,0,0,2,1,0,1,0,1,0,0,7
EMR,LBN,Lebanon,2012,0,1,1,3,0,1,2,1,0,0,0,0,9
EMR,LBN,Lebanon,2013,23,132,198,373,460,363,129,47,0,8,13,14,1760
EMR,LBN,Lebanon,2014,20,41,45,59,24,20,13,2,6,0,0,0,230
EMR,LBN,Lebanon,2015,1,3,6,5,3,5,4,1,2,1,6,3,40
EMR,LBN,Lebanon,2016,2,0,6,4,9,6,3,6,3,3,1,1,44
EMR,LBN,Lebanon,2017,6,8,29,10,17,11,8,4,2,6,8,17,126
EMR,LBN,Lebanon,2018,24,64,114,137,216,159,80,24,10,19,42,54,943
EMR,LBN,Lebanon,2019,125,59,0,0,,,,,,,,,184
AFR,LSO,Lesotho,2011,0,0,0,0,0,0,0,0,0,0,0,0,0
AFR,LSO,Lesotho,2012,0,0,0,0,0,0,0,0,0,0,0,0,0
AFR,LSO,Lesotho,2013,1,0,0,0,0,0,0,0,1,3,118,25,148
AFR,LSO,Lesotho,2014,0,1,2,0,1,0,0,0,0,0,0,0,4
AFR,LSO,Lesotho,2015,0,0,0,0,0,0,0,0,4,0,0,0,4
AFR,LSO,Lesotho,2016,0,2,0,0,0,0,0,1,10,1,0,1,15
AFR,LSO,Lesotho,2017,0,0,1,0,0,0,0,0,0,0,0,0,1
AFR,LSO,Lesotho,2018,1,5,0,0,0,1,0,0,0,0,1,6,14
AFR,LSO,Lesotho,2019,0,0,0,0,,,,,,,,,0
AFR,LBR,Liberia,2011,0,3,18,2,1,0,0,0,0,0,0,0,24
AFR,LBR,Liberia,2012,0,0,0,3,1,0,0,0,0,0,0,0,4
AFR,LBR,Liberia,2013,0,0,0,0,0,0,0,0,0,0,0,0,0
AFR,LBR,Liberia,2014,0,0,0,0,0,0,0,0,0,0,0,0,0
AFR,LBR,Liberia,2015,44,61,195,135,1,0,0,0,0,0,0,0,436
AFR,LBR,Liberia,2016,124,141,92,34,7,2,0,0,0,0,0,0,400
AFR,LBR,Liberia,2017,87,155,150,0,0,0,0,0,0,0,0,0,392
AFR,LBR,Liberia,2018,220,517,409,681,453,379,198,65,67,150,166,15,3320
AFR,LBR,Liberia,2019,140,39,1,0,,,,,,,,,180
EMR,LBY,Libya,2011,1,3,3,41,60,15,0,0,3,0,0,0,126
EMR,LBY,Libya,2012,0,19,56,110,59,24,25,20,8,1,0,3,325
EMR,LBY,Libya,2013,1,1,6,13,11,26,24,5,11,12,24,30,164
EMR,LBY,Libya,2014,50,0,48,37,32,8,1,0,0,0,0,0,176
EMR,LBY,Libya,2015,45,22,12,6,0,2,0,0,0,0,0,0,87
EMR,LBY,Libya,2016,0,0,0,4,17,5,0,0,0,2,0,0,28
EMR,LBY,Libya,2017,0,0,0,0,0,0,0,3,0,0,0,0,3
EMR,LBY,Libya,2018,0,0,1,11,16,77,201,197,156,137,135,120,1051
EMR,LBY,Libya,2019,10,2,3,0,,,,,,,,,15
EUR,LTU,Lithuania,2011,0,0,0,1,2,4,0,0,0,0,0,0,7
EUR,LTU,Lithuania,2012,0,0,0,2,0,0,0,0,0,0,0,0,2
EUR,LTU,Lithuania,2013,0,0,0,5,25,5,0,0,0,0,0,0,35
EUR,LTU,Lithuania,2014,0,0,3,0,5,3,0,0,0,0,0,0,11
EUR,LTU,Lithuania,2015,0,0,6,2,5,24,14,0,0,0,0,0,51
EUR,LTU,Lithuania,2016,0,0,0,10,10,2,0,0,0,0,0,0,22
EUR,LTU,Lithuania,2017,0,0,1,0,0,1,0,0,0,0,0,0,2
EUR,LTU,Lithuania,2018,0,0,0,0,0,1,0,1,0,0,15,16,33
EUR,LTU,Lithuania,2019,9,0,0,0,,,,,,,,,9
EUR,LUX,Luxembourg,2011,0,0,1,0,2,2,0,1,0,0,0,0,6
EUR,LUX,Luxembourg,2012,0,0,1,0,0,1,0,0,0,0,0,0,2
EUR,LUX,Luxembourg,2013,0,0,0,0,0,0,0,0,0,0,0,0,0
EUR,LUX,Luxembourg,2014,0,0,0,1,0,0,0,0,0,0,0,0,1
EUR,LUX,Luxembourg,2015,0,0,0,0,0,0,0,0,0,0,0,0,0
EUR,LUX,Luxembourg,2016,0,0,0,0,0,0,0,0,0,0,0,0,0
EUR,LUX,Luxembourg,2017,0,0,3,0,0,0,0,0,0,0,1,0,4
EUR,LUX,Luxembourg,2018,0,0,0,1,0,0,0,2,0,0,1,0,4
EUR,LUX,Luxembourg,2019,0,0,0,0,,,,,,,,,0
AFR,MDG,Madagascar,2011,0,0,0,0,0,0,0,0,0,1,0,0,1
AFR,MDG,Madagascar,2012,0,0,0,1,0,0,0,0,0,1,1,0,3
AFR,MDG,Madagascar,2013,0,0,0,0,1,0,2,1,1,1,1,0,7
AFR,MDG,Madagascar,2014,0,0,0,0,0,0,0,1,0,0,0,0,1
AFR,MDG,Madagascar,2015,0,2,0,0,0,1,0,1,0,2,4,0,10
AFR,MDG,Madagascar,2016,2,0,0,0,0,1,4,2,4,4,3,0,20
AFR,MDG,Madagascar,2017,1,0,0,1,0,1,0,2,2,0,28,50,85
AFR,MDG,Madagascar,2018,20,5,2,3,5,1,3,10,17,2308,8006,13178,23558
AFR,MDG,Madagascar,2019,35834,10353,0,0,,,,,,,,,46187
AFR,MWI,Malawi,2011,2,1,2,1,11,4,0,0,0,0,0,0,21
AFR,MWI,Malawi,2012,0,0,0,0,0,0,2,0,5,0,3,0,10
AFR,MWI,Malawi,2013,0,0,0,0,0,0,0,0,1,0,0,0,1
AFR,MWI,Malawi,2014,0,1,0,0,0,0,0,3,0,0,0,0,4
AFR,MWI,Malawi,2015,0,4,2,5,7,1,0,0,0,0,0,0,19
AFR,MWI,Malawi,2016,0,0,0,0,0,0,0,3,0,1,1,0,5
AFR,MWI,Malawi,2017,1,0,0,1,1,1,0,0,0,0,0,0,4
AFR,MWI,Malawi,2018,1,0,0,1,1,1,0,0,0,0,0,0,4
AFR,MWI,Malawi,2019,0,0,0,0,,,,,,,,,0
WPR,MYS,Malaysia,2011,16,28,79,83,131,153,191,203,198,215,147,159,1603
WPR,MYS,Malaysia,2012,202,203,230,256,224,250,185,77,68,71,73,30,1869
WPR,MYS,Malaysia,2013,27,25,26,28,20,12,16,7,9,3,5,6,184
WPR,MYS,Malaysia,2014,4,4,63,12,20,20,19,19,18,24,9,11,223
WPR,MYS,Malaysia,2015,19,29,54,84,75,104,129,200,165,176,168,119,1322
WPR,MYS,Malaysia,2016,216,244,203,189,155,113,70,104,88,78,60,67,1587
WPR,MYS,Malaysia,2017,77,61,122,142,186,139,198,194,157,172,140,105,1693
WPR,MYS,Malaysia,2018,133,140,187,252,265,190,260,209,170,205,198,295,2504
WPR,MYS,Malaysia,2019,223,314,0,0,,,,,,,,,537
SEAR,MDV,Maldives,2011,0,0,0,0,0,0,0,0,0,0,0,0,0
SEAR,MDV,Maldives,2012,0,0,0,0,0,0,0,0,0,0,0,0,0
SEAR,MDV,Maldives,2013,0,0,0,0,0,0,0,0,0,0,0,0,0
SEAR,MDV,Maldives,2014,2,1,0,0,2,0,0,1,1,0,1,1,9
SEAR,MDV,Maldives,2015,0,0,0,0,0,0,0,0,0,0,0,0,0
SEAR,MDV,Maldives,2016,0,0,0,0,0,0,0,0,0,0,0,0,0
SEAR,MDV,Maldives,2017,0,0,0,1,0,0,0,0,0,0,0,0,1
SEAR,MDV,Maldives,2018,0,0,0,1,0,0,0,0,0,0,1,0,2
SEAR,MDV,Maldives,2019,2,0,3,0,,,,,,,,,5
AFR,MLI,Mali,2011,1,0,2,1,6,4,2,6,0,1,1,2,26
AFR,MLI,Mali,2012,16,69,81,60,56,48,13,6,5,1,9,2,366
AFR,MLI,Mali,2013,38,150,12,21,28,8,9,3,6,4,11,16,306
AFR,MLI,Mali,2014,16,147,76,13,1,6,6,1,3,3,3,6,281
AFR,MLI,Mali,2015,5,23,92,42,33,13,9,6,0,0,8,28,259
AFR,MLI,Mali,2016,8,22,18,11,10,10,9,2,5,3,1,15,114
AFR,MLI,Mali,2017,0,0,2,0,0,0,4,3,5,3,1,3,21
AFR,MLI,Mali,2018,46,65,111,121,145,61,30,27,49,87,63,40,845
AFR,MLI,Mali,2019,77,115,120,0,,,,,,,,,312
EUR,MLT,Malta,2011,0,1,0,1,0,0,0,2,0,0,0,0,4
EUR,MLT,Malta,2012,0,0,0,0,0,0,0,0,0,0,0,0,0
EUR,MLT,Malta,2013,0,0,0,0,1,0,0,0,0,0,0,0,1
EUR,MLT,Malta,2014,0,0,0,0,0,0,0,0,0,0,0,0,0
EUR,MLT,Malta,2015,0,0,0,0,1,0,0,0,0,0,0,0,1
EUR,MLT,Malta,2016,0,0,0,0,0,0,0,0,0,0,0,0,0
EUR,MLT,Malta,2017,0,0,0,0,0,0,0,0,0,0,0,0,0
EUR,MLT,Malta,2018,0,0,0,0,0,0,5,0,0,0,0,0,5
EUR,MLT,Malta,2019,0,0,0,0,,,,,,,,,0
WPR,MHL,Marshall Islands,2011,0,0,0,0,0,0,0,0,0,0,0,0,0
WPR,MHL,Marshall Islands,2012,0,0,0,0,0,0,0,0,0,0,0,0,0
WPR,MHL,Marshall Islands,2013,0,0,0,0,0,0,0,0,0,0,0,0,0
WPR,MHL,Marshall Islands,2014,0,0,0,0,0,0,0,0,0,0,0,0,0
WPR,MHL,Marshall Islands,2015,0,0,0,0,0,0,0,0,0,0,0,0,0
WPR,MHL,Marshall Islands,2016,0,0,0,0,0,0,0,0,0,0,0,0,0
WPR,MHL,Marshall Islands,2017,0,0,0,0,0,0,0,0,0,0,0,0,0
WPR,MHL,Marshall Islands,2018,0,0,0,0,0,0,0,0,0,0,0,0,0
WPR,MHL,Marshall Islands,2019,0,0,0,0,,,,,,,,,0
AFR,MRT,Mauritania,2011,6,49,106,22,6,6,0,0,0,0,0,0,195
AFR,MRT,Mauritania,2012,0,0,1,2,0,0,0,0,0,0,0,0,3
AFR,MRT,Mauritania,2013,0,0,1,3,3,0,0,0,0,0,0,0,7
AFR,MRT,Mauritania,2014,0,2,11,1,0,0,0,0,0,0,0,0,14
AFR,MRT,Mauritania,2015,0,0,0,0,0,0,0,0,0,0,2,0,2
AFR,MRT,Mauritania,2016,3,1,3,6,4,0,0,0,0,0,0,0,17
AFR,MRT,Mauritania,2017,0,0,0,0,0,1,3,0,1,1,0,0,6
AFR,MRT,Mauritania,2018,0,0,0,0,0,0,0,0,0,2,3,10,15
AFR,MRT,Mauritania,2019,50,32,5,0,,,,,,,,,87
AFR,MUS,Mauritius,2011,,,,,,,,,,,,,0
AFR,MUS,Mauritius,2012,,,,,,,,,,,,,0
AFR,MUS,Mauritius,2013,,,,,,,,,,,,,0
AFR,MUS,Mauritius,2014,,,,,,,,,,,,,0
AFR,MUS,Mauritius,2015,,,,,,,,,,,,,0
AFR,MUS,Mauritius,2016,,,,,,,,,,,,,0
AFR,MUS,Mauritius,2017,,,,,,,,,,,,,0
AFR,MUS,Mauritius,2018,,,,,,,,,,,,,0
AFR,MUS,Mauritius,2019,,,,,,,,,,,,,0
AMR,MEX,Mexico,2011,,,,,,,,,,,,,0
AMR,MEX,Mexico,2012,0,0,0,0,0,0,0,0,0,0,0,0,0
AMR,MEX,Mexico,2013,0,0,0,0,0,0,0,0,0,0,0,0,0
AMR,MEX,Mexico,2014,2,0,0,0,0,0,0,0,0,0,0,0,2
AMR,MEX,Mexico,2015,1,0,0,0,0,0,0,0,0,0,0,0,1
AMR,MEX,Mexico,2016,0,0,0,0,0,0,0,0,0,0,0,0,0
AMR,MEX,Mexico,2017,0,0,0,0,0,0,0,0,0,0,0,0,0
AMR,MEX,Mexico,2018,0,3,1,1,0,0,0,0,0,0,0,0,5
AMR,MEX,Mexico,2019,0,1,0,0,,,,,,,,,1
WPR,FSM,Federated States of Micronesia,2011,0,0,0,0,0,0,0,0,0,0,0,0,0
WPR,FSM,Federated States of Micronesia,2012,0,0,0,0,0,0,0,0,0,0,0,0,0
WPR,FSM,Federated States of Micronesia,2013,0,0,0,0,0,0,0,0,0,0,0,0,0
WPR,FSM,Federated States of Micronesia,2014,0,0,2,3,15,128,106,3,0,0,0,0,257
WPR,FSM,Federated States of Micronesia,2015,0,0,0,0,0,0,0,0,0,0,0,0,0
WPR,FSM,Federated States of Micronesia,2016,0,0,0,0,0,0,0,0,0,0,0,0,0
WPR,FSM,Federated States of Micronesia,2017,0,0,0,0,0,0,0,0,0,0,0,0,0
WPR,FSM,Federated States of Micronesia,2018,0,0,0,0,0,0,0,0,0,0,0,0,0
WPR,FSM,Federated States of Micronesia,2019,0,0,0,0,,,,,,,,,0
EUR,MCO,Monaco,2011,,,,,,,,,,,,,0
EUR,MCO,Monaco,2012,1,0,0,0,0,0,0,0,0,0,0,0,1
EUR,MCO,Monaco,2013,,,,,,,,,,,,,0
EUR,MCO,Monaco,2014,,,,,,,,,,,,,0
EUR,MCO,Monaco,2015,,,,,,,,,,,,,0
EUR,MCO,Monaco,2016,,,,,,,,,,,,,0
EUR,MCO,Monaco,2017,0,0,0,0,0,0,0,0,0,0,0,0,0
EUR,MCO,Monaco,2018,0,0,0,0,0,0,0,0,0,0,0,0,0
EUR,MCO,Monaco,2019,0,0,0,0,,,,,,,,,0
WPR,MNG,Mongolia,2011,0,0,0,0,0,0,0,0,0,0,0,0,0
WPR,MNG,Mongolia,2012,0,0,0,0,0,0,0,0,0,0,0,0,0
WPR,MNG,Mongolia,2013,0,0,0,0,0,0,0,0,0,0,0,0,0
WPR,MNG,Mongolia,2014,0,0,0,0,0,0,0,0,0,0,0,0,0
WPR,MNG,Mongolia,2015,7,0,315,2436,9023,6063,1101,166,91,152,334,688,20376
WPR,MNG,Mongolia,2016,3070,4536,9748,7883,2911,406,116,24,6,2,3,5,28710
WPR,MNG,Mongolia,2017,2,1,0,4,2,0,0,0,0,0,0,0,9
WPR,MNG,Mongolia,2018,0,0,1,0,0,0,0,0,0,1,0,0,2
WPR,MNG,Mongolia,2019,0,0,2,0,,,,,,,,,2
EUR,MNE,Montenegro,2011,0,0,3,1,0,1,0,0,0,0,0,0,5
EUR,MNE,Montenegro,2012,0,0,0,0,0,0,0,0,0,0,0,0,0
EUR,MNE,Montenegro,2013,0,0,0,0,0,0,0,0,0,0,0,0,0
EUR,MNE,Montenegro,2014,0,0,0,0,0,0,0,0,1,1,0,5,7
EUR,MNE,Montenegro,2015,4,8,2,0,1,0,0,0,0,0,0,0,15
EUR,MNE,Montenegro,2016,0,0,0,0,0,0,0,0,0,0,0,0,0
EUR,MNE,Montenegro,2017,0,0,0,0,0,0,0,0,0,0,0,0,0
EUR,MNE,Montenegro,2018,2,14,54,60,47,16,10,0,0,0,0,0,203
EUR,MNE,Montenegro,2019,0,0,0,0,,,,,,,,,0
EMR,MAR,Morocco,2011,34,60,118,104,41,11,2,4,6,28,25,16,449
EMR,MAR,Morocco,2012,35,41,40,43,66,28,15,6,0,2,4,11,291
EMR,MAR,Morocco,2013,7,16,10,20,4,0,0,0,0,3,1,0,61
EMR,MAR,Morocco,2014,1,0,0,2,0,2,4,1,1,0,0,0,11
EMR,MAR,Morocco,2015,1,2,18,14,19,71,51,29,22,23,30,23,303
EMR,MAR,Morocco,2016,1,0,1,1,1,0,0,0,0,0,0,0,4
EMR,MAR,Morocco,2017,0,0,2,0,0,0,0,0,0,1,0,0,3
EMR,MAR,Morocco,2018,0,1,2,1,0,1,1,0,0,0,0,1,7
EMR,MAR,Morocco,2019,0,0,0,0,,,,,,,,,0
AFR,MOZ,Mozambique,2011,25,32,13,17,10,6,7,10,15,9,13,0,157
AFR,MOZ,Mozambique,2012,9,1,6,11,6,20,8,24,20,20,10,0,135
AFR,MOZ,Mozambique,2013,1,5,4,5,1,9,8,10,11,2,0,0,56
AFR,MOZ,Mozambique,2014,0,4,6,2,5,16,14,5,4,2,16,5,79
AFR,MOZ,Mozambique,2015,1,2,2,3,8,31,49,135,230,196,54,0,711
AFR,MOZ,Mozambique,2016,3,6,5,2,4,7,19,46,17,11,11,1,132
AFR,MOZ,Mozambique,2017,16,10,11,8,5,4,7,19,10,46,27,0,163
AFR,MOZ,Mozambique,2018,4,4,68,118,18,3,2,16,8,21,73,44,379
AFR,MOZ,Mozambique,2019,14,0,0,0,,,,,,,,,14
SEAR,MMR,Myanmar,2011,48,100,112,97,88,46,82,261,157,121,390,308,1810
SEAR,MMR,Myanmar,2012,646,670,355,91,86,64,50,61,58,4,21,58,2164
SEAR,MMR,Myanmar,2013,60,660,9,18,101,120,3,22,5,1,0,1,1000
SEAR,MMR,Myanmar,2014,0,2,0,0,0,17,23,64,0,2,0,2,110
SEAR,MMR,Myanmar,2015,2,0,0,0,0,0,0,1,0,1,0,2,6
SEAR,MMR,Myanmar,2016,8,9,15,2,3,5,23,62,21,23,30,73,274
SEAR,MMR,Myanmar,2017,299,333,238,100,69,67,31,33,22,5,15,34,1246
SEAR,MMR,Myanmar,2018,20,22,37,47,22,47,87,112,110,114,236,485,1339
SEAR,MMR,Myanmar,2019,875,1138,118,0,,,,,,,,,2131
AFR,NAM,Namibia,2011,24,29,13,3,3,1,2,15,6,1,3,3,103
AFR,NAM,Namibia,2012,9,2,4,2,5,0,1,4,19,37,19,10,112
AFR,NAM,Namibia,2013,33,24,20,7,8,15,57,46,105,164,240,70,789
AFR,NAM,Namibia,2014,27,27,49,26,62,96,147,120,113,136,96,0,899
AFR,NAM,Namibia,2015,28,34,39,31,24,25,57,128,530,626,202,70,1794
AFR,NAM,Namibia,2016,0,3,5,2,2,3,3,4,3,8,1,1,35
AFR,NAM,Namibia,2017,1,9,2,2,2,1,0,1,11,3,2,0,34
AFR,NAM,Namibia,2018,1,2,1,2,1,8,2,2,3,2,2,1,27
AFR,NAM,Namibia,2019,6,0,0,0,,,,,,,,,6
WPR,NRU,Nauru,2011,0,0,0,0,0,0,0,0,0,0,0,0,0
WPR,NRU,Nauru,2012,0,0,0,0,0,0,0,0,0,0,0,0,0
WPR,NRU,Nauru,2013,0,0,0,0,0,0,0,0,0,0,0,0,0
WPR,NRU,Nauru,2014,0,0,0,0,0,0,0,0,0,0,0,0,0
WPR,NRU,Nauru,2015,0,0,0,0,0,0,0,0,0,0,0,0,0
WPR,NRU,Nauru,2016,0,0,0,0,0,0,0,0,0,0,0,0,0
WPR,NRU,Nauru,2017,0,0,0,0,0,0,0,0,0,0,0,0,0
WPR,NRU,Nauru,2018,0,0,0,0,0,0,0,0,0,0,0,0,0
WPR,NRU,Nauru,2019,0,0,0,0,,,,,,,,,0
SEAR,NPL,Nepal,2011,8,37,70,133,146,256,75,46,23,11,89,193,1087
SEAR,NPL,Nepal,2012,62,112,138,55,52,38,18,14,14,6,4,2,515
SEAR,NPL,Nepal,2013,2,1,7,1,7,7,1,5,5,1,2,7,46
SEAR,NPL,Nepal,2014,3,2,2,1,13,3,6,6,4,3,17,7,67
SEAR,NPL,Nepal,2015,5,3,27,40,46,86,81,56,31,14,8,3,400
SEAR,NPL,Nepal,2016,87,67,13,8,30,6,27,11,4,11,8,13,285
SEAR,NPL,Nepal,2017,5,37,12,8,11,5,3,2,0,5,7,4,99
SEAR,NPL,Nepal,2018,10,14,17,38,54,35,28,12,15,10,7,13,253
SEAR,NPL,Nepal,2019,50,46,90,0,,,,,,,,,186
EUR,NLD,Netherlands,2011,4,2,21,32,20,11,4,1,0,0,0,0,95
EUR,NLD,Netherlands,2012,0,0,1,4,0,1,2,2,0,0,0,0,10
EUR,NLD,Netherlands,2013,1,4,10,5,18,295,700,407,444,473,177,106,2640
EUR,NLD,Netherlands,2014,46,24,42,21,5,1,1,2,2,0,0,0,144
EUR,NLD,Netherlands,2015,0,0,1,2,0,2,2,0,0,0,0,0,7
EUR,NLD,Netherlands,2016,0,0,0,0,0,0,0,2,0,0,0,4,6
EUR,NLD,Netherlands,2017,0,0,0,2,6,2,1,1,1,3,0,0,16
EUR,NLD,Netherlands,2018,0,2,2,0,3,10,1,4,0,0,0,2,24
EUR,NLD,Netherlands,2019,4,3,0,0,,,,,,,,,7
WPR,NZL,New Zealand,2011,11,17,7,15,14,49,56,28,104,86,147,65,599
WPR,NZL,New Zealand,2012,24,14,4,9,1,2,0,0,0,0,0,1,55
WPR,NZL,New Zealand,2013,0,0,1,1,0,0,0,0,0,1,0,14,17
WPR,NZL,New Zealand,2014,20,46,38,12,16,98,32,6,1,1,4,0,274
WPR,NZL,New Zealand,2015,0,1,2,2,5,0,0,0,0,0,0,1,11
WPR,NZL,New Zealand,2016,1,5,2,20,37,29,5,3,1,1,0,0,104
WPR,NZL,New Zealand,2017,6,3,2,0,4,0,0,0,0,0,0,0,15
WPR,NZL,New Zealand,2018,1,5,4,15,1,0,0,0,0,0,4,2,32
WPR,NZL,New Zealand,2019,12,8,0,0,,,,,,,,,20
AMR,NIC,Nicaragua,2011,0,0,0,0,0,0,0,0,0,0,0,0,0
AMR,NIC,Nicaragua,2012,0,0,0,0,0,0,0,0,0,0,0,0,0
AMR,NIC,Nicaragua,2013,0,0,0,0,0,0,0,0,0,0,0,0,0
AMR,NIC,Nicaragua,2014,0,0,0,0,0,0,0,0,0,0,0,0,0
AMR,NIC,Nicaragua,2015,0,0,0,0,0,0,0,0,0,0,0,0,0
AMR,NIC,Nicaragua,2016,0,0,0,0,0,0,0,0,0,0,0,0,0
AMR,NIC,Nicaragua,2017,0,0,0,0,0,0,0,0,0,0,0,0,0
AMR,NIC,Nicaragua,2018,0,0,0,0,0,0,0,0,0,0,0,0,0
AMR,NIC,Nicaragua,2019,0,0,0,0,,,,,,,,,0
AFR,NER,Niger,2011,126,126,142,185,135,17,15,1,2,0,17,5,771
AFR,NER,Niger,2012,25,52,83,23,63,22,7,4,5,3,10,14,311
AFR,NER,Niger,2013,72,93,203,226,119,21,13,2,1,16,12,8,786
AFR,NER,Niger,2014,31,41,102,101,42,7,5,2,2,9,9,25,376
AFR,NER,Niger,2015,17,82,146,195,90,23,9,11,18,110,154,96,951
AFR,NER,Niger,2016,90,136,245,152,83,8,18,4,4,17,2,12,771
AFR,NER,Niger,2017,35,49,77,54,85,23,17,8,13,1,4,26,392
AFR,NER,Niger,2018,50,131,181,356,235,122,83,45,74,97,71,0,1445
AFR,NER,Niger,2019,262,325,243,0,,,,,,,,,830
AFR,NGA,Nigeria,2011,4514,3970,4499,2518,1054,610,431,434,232,250,341,209,19062
AFR,NGA,Nigeria,2012,374,845,1186,796,355,220,137,190,229,189,807,1095,6423
AFR,NGA,Nigeria,2013,6604,12228,17785,9417,4385,1502,966,685,543,551,507,219,55392
AFR,NGA,Nigeria,2014,1557,1881,1285,685,449,287,68,80,55,115,243,145,6850
AFR,NGA,Nigeria,2015,644,1571,1946,1707,1398,936,733,804,1339,1956,1822,800,15656
AFR,NGA,Nigeria,2016,2582,3811,2811,1628,1383,850,646,946,721,503,308,249,16438
AFR,NGA,Nigeria,2017,1143,1142,1915,1548,1231,1044,696,805,696,579,242,155,11196
AFR,NGA,Nigeria,2018,1223,1457,1699,906,425,238,228,155,183,190,166,148,7018
AFR,NGA,Nigeria,2019,1601,1542,670,0,,,,,,,,,3813
EUR,NOR,Norway,2011,4,13,7,3,3,4,2,2,1,1,0,0,40
EUR,NOR,Norway,2012,0,0,1,0,0,0,0,2,1,0,0,0,4
EUR,NOR,Norway,2013,0,0,1,0,1,6,0,0,0,0,0,0,8
EUR,NOR,Norway,2014,0,0,0,2,1,0,0,0,0,0,0,0,3
EUR,NOR,Norway,2015,0,0,2,3,4,0,1,4,0,0,0,0,14
EUR,NOR,Norway,2016,0,0,0,0,0,0,0,0,0,0,0,0,0
EUR,NOR,Norway,2017,0,0,0,0,0,0,1,0,0,0,0,0,1
EUR,NOR,Norway,2018,0,4,2,1,2,0,1,2,0,0,0,0,12
EUR,NOR,Norway,2019,0,1,0,0,,,,,,,,,1
EMR,OMN,Oman,2011,1,1,0,0,1,0,0,0,0,0,1,0,4
EMR,OMN,Oman,2012,0,1,0,0,1,1,0,0,0,0,0,0,3
EMR,OMN,Oman,2013,0,0,0,0,0,0,0,0,0,0,0,0,0
EMR,OMN,Oman,2014,0,0,0,0,0,0,0,0,7,6,1,0,14
EMR,OMN,Oman,2015,0,0,0,0,0,0,0,0,0,0,6,7,13
EMR,OMN,Oman,2016,4,5,5,5,12,4,7,7,22,31,30,21,153
EMR,OMN,Oman,2017,4,0,1,2,0,2,0,0,0,0,0,0,9
EMR,OMN,Oman,2018,0,0,0,0,0,0,0,0,0,0,0,0,0
EMR,OMN,Oman,2019,0,0,0,0,,,,,,,,,0
EMR,PAK,Pakistan,2011,158,262,371,462,611,247,36,78,54,89,145,163,2676
EMR,PAK,Pakistan,2012,428,599,809,745,851,618,450,490,443,568,721,1326,8048
EMR,PAK,Pakistan,2013,3873,1373,812,628,563,371,157,57,44,59,36,57,8030
EMR,PAK,Pakistan,2014,106,91,184,405,292,158,20,21,20,28,19,26,1370
EMR,PAK,Pakistan,2015,35,50,60,98,66,146,93,88,108,119,123,131,1117
EMR,PAK,Pakistan,2016,102,149,292,444,465,190,120,138,128,187,192,399,2806
EMR,PAK,Pakistan,2017,558,396,580,675,989,810,612,461,336,502,481,380,6780
EMR,PAK,Pakistan,2018,2590,2948,5471,5166,6724,3529,2134,1341,1261,1113,635,336,33248
EMR,PAK,Pakistan,2019,264,190,0,0,,,,,,,,,454
WPR,PLW,Palau,2011,0,0,0,0,0,0,0,0,0,0,0,0,0
WPR,PLW,Palau,2012,0,0,0,0,0,0,0,0,0,0,0,0,0
WPR,PLW,Palau,2013,0,0,0,0,0,0,0,0,0,0,0,0,0
WPR,PLW,Palau,2014,0,0,0,0,0,0,0,0,0,0,0,0,0
WPR,PLW,Palau,2015,0,0,0,0,0,0,0,0,0,0,0,0,0
WPR,PLW,Palau,2016,0,0,0,0,0,0,0,0,0,0,0,0,0
WPR,PLW,Palau,2017,0,0,0,0,0,0,0,0,0,0,0,0,0
WPR,PLW,Palau,2018,0,0,0,0,0,0,0,0,0,0,0,0,0
WPR,PLW,Palau,2019,0,0,0,0,,,,,,,,,0
AMR,PAN,Panama,2011,0,0,0,0,4,0,0,0,0,0,0,0,4
AMR,PAN,Panama,2012,0,0,0,0,0,0,0,0,0,0,0,0,0
AMR,PAN,Panama,2013,0,0,0,0,0,0,0,0,0,0,0,0,0
AMR,PAN,Panama,2014,0,0,0,0,0,0,0,0,0,0,0,0,0
AMR,PAN,Panama,2015,0,0,0,0,0,0,0,0,0,0,0,0,0
AMR,PAN,Panama,2016,0,0,0,0,0,0,0,0,0,0,0,0,0
AMR,PAN,Panama,2017,0,0,0,0,0,0,0,0,0,0,0,0,0
AMR,PAN,Panama,2018,0,0,0,0,0,0,0,0,0,0,0,0,0
AMR,PAN,Panama,2019,0,0,0,0,,,,,,,,,0
WPR,PNG,Papua New Guinea,2011,0,0,0,0,0,0,0,0,0,0,0,0,0
WPR,PNG,Papua New Guinea,2012,0,0,0,0,0,0,0,0,0,0,0,0,0
WPR,PNG,Papua New Guinea,2013,0,0,1,0,0,0,0,0,1,4,0,5,11
WPR,PNG,Papua New Guinea,2014,5,18,231,498,777,640,259,64,29,10,37,21,2589
WPR,PNG,Papua New Guinea,2015,34,7,7,2,0,0,1,1,1,0,0,0,53
WPR,PNG,Papua New Guinea,2016,0,0,0,0,0,0,0,0,0,0,0,0,0
WPR,PNG,Papua New Guinea,2017,0,0,0,0,0,0,0,2,4,1,0,0,7
WPR,PNG,Papua New Guinea,2018,0,3,0,0,0,0,6,1,0,0,0,0,10
WPR,PNG,Papua New Guinea,2019,,,,,,,,,,,,,0
AMR,PRY,Paraguay,2011,,,,,,,,,,,,,0
AMR,PRY,Paraguay,2012,,,,,,,,,,,,,0
AMR,PRY,Paraguay,2013,,,,,,,,,,,,,0
AMR,PRY,Paraguay,2014,0,0,0,0,0,0,0,0,0,0,0,0,0
AMR,PRY,Paraguay,2015,0,0,0,0,0,0,0,0,0,0,0,0,0
AMR,PRY,Paraguay,2016,0,0,0,0,0,0,0,0,0,0,0,0,0
AMR,PRY,Paraguay,2017,0,0,0,0,0,0,0,0,0,0,0,0,0
AMR,PRY,Paraguay,2018,0,0,0,0,0,0,0,0,0,0,0,0,0
AMR,PRY,Paraguay,2019,0,0,0,0,,,,,,,,,0
AMR,PER,Peru,2011,0,0,0,0,0,0,0,0,0,0,0,0,0
AMR,PER,Peru,2012,0,0,0,0,0,0,0,0,0,0,0,0,0
AMR,PER,Peru,2013,0,0,0,0,0,0,0,0,0,0,0,0,0
AMR,PER,Peru,2014,0,0,0,0,0,0,0,0,0,0,0,0,0
AMR,PER,Peru,2015,0,0,0,0,0,4,0,0,0,0,0,0,4
AMR,PER,Peru,2016,0,0,0,0,0,0,0,0,0,0,0,0,0
AMR,PER,Peru,2017,0,0,0,0,0,0,0,0,0,0,0,0,0
AMR,PER,Peru,2018,0,2,0,0,0,1,1,16,21,1,0,0,42
AMR,PER,Peru,2019,0,0,0,0,,,,,,,,,0
WPR,PHL,Philippines,2011,1276,1633,1370,905,350,224,202,157,180,109,69,44,6519
WPR,PHL,Philippines,2012,147,157,133,145,161,202,144,139,69,63,43,38,1441
WPR,PHL,Philippines,2013,72,66,83,120,141,139,192,223,343,451,1156,1869,4855
WPR,PHL,Philippines,2014,17228,10257,6940,4193,3191,2563,2657,2872,2149,1081,603,172,53906
WPR,PHL,Philippines,2015,391,390,320,221,152,122,90,72,62,60,97,44,2021
WPR,PHL,Philippines,2016,65,42,69,64,46,52,62,51,66,45,44,41,647
WPR,PHL,Philippines,2017,60,81,96,89,97,111,116,171,303,319,451,515,2409
WPR,PHL,Philippines,2018,1354,1848,2460,2151,1879,1478,1373,1250,1249,1810,2415,1491,20758
WPR,PHL,Philippines,2019,1802,0,0,0,,,,,,,,,1802
EUR,POL,Poland,2011,2,2,2,8,5,4,6,4,4,1,0,0,38
EUR,POL,Poland,2012,1,1,5,13,14,6,8,0,1,2,12,10,73
EUR,POL,Poland,2013,5,9,12,11,15,20,5,0,1,1,2,2,83
EUR,POL,Poland,2014,28,25,15,22,4,1,7,1,2,1,1,2,109
EUR,POL,Poland,2015,2,10,15,5,0,7,3,2,1,0,2,1,48
EUR,POL,Poland,2016,0,0,2,1,2,5,18,42,33,21,7,7,138
EUR,POL,Poland,2017,6,2,4,5,5,5,1,3,13,11,2,6,63
EUR,POL,Poland,2018,20,7,6,24,12,15,21,12,4,34,87,135,377
EUR,POL,Poland,2019,81,0,0,0,,,,,,,,,81
EUR,PRT,Portugal,2011,0,0,1,0,0,0,0,0,0,0,0,1,2
EUR,PRT,Portugal,2012,1,0,0,1,4,0,0,1,0,0,0,0,7
EUR,PRT,Portugal,2013,0,0,0,1,0,0,0,0,0,0,0,0,1
EUR,PRT,Portugal,2014,0,0,0,0,0,0,0,0,0,0,0,0,0
EUR,PRT,Portugal,2015,0,0,0,0,0,0,0,0,0,0,0,0,0
EUR,PRT,Portugal,2016,0,0,0,0,0,0,0,0,0,0,0,0,0
EUR,PRT,Portugal,2017,0,2,10,18,4,0,0,0,0,0,0,0,34
EUR,PRT,Portugal,2018,0,4,106,13,0,3,1,3,3,2,24,12,171
EUR,PRT,Portugal,2019,2,2,0,0,,,,,,,,,4
EMR,QAT,Qatar,2011,,,,,,,,,,,,,0
EMR,QAT,Qatar,2012,2,6,7,3,26,29,27,11,4,21,9,20,165
EMR,QAT,Qatar,2013,13,18,9,12,2,3,0,3,4,0,1,3,68
EMR,QAT,Qatar,2014,4,8,4,10,7,5,2,0,1,2,2,1,46
EMR,QAT,Qatar,2015,6,0,2,6,1,3,0,0,2,0,2,4,26
EMR,QAT,Qatar,2016,2,1,1,11,5,0,0,2,1,2,3,2,30
EMR,QAT,Qatar,2017,2,1,1,1,0,0,1,0,0,2,1,0,9
EMR,QAT,Qatar,2018,0,0,0,1,0,0,1,0,0,0,0,0,2
EMR,QAT,Qatar,2019,,,,,,,,,,,,,0
WPR,KOR,Republic of Korea,2011,0,0,1,4,3,13,12,5,0,1,2,2,43
WPR,KOR,Republic of Korea,2012,0,1,0,0,0,0,0,1,0,0,0,0,2
WPR,KOR,Republic of Korea,2013,1,0,0,9,19,37,8,8,9,12,1,3,107
WPR,KOR,Republic of Korea,2014,5,29,59,70,204,44,25,3,2,1,0,0,442
WPR,KOR,Republic of Korea,2015,0,0,4,1,0,1,1,0,0,0,0,0,7
WPR,KOR,Republic of Korea,2016,0,2,2,1,0,0,0,1,8,4,0,0,18
WPR,KOR,Republic of Korea,2017,1,0,2,0,1,0,0,0,1,0,2,0,7
WPR,KOR,Republic of Korea,2018,2,0,2,0,6,1,0,0,0,0,2,6,19
WPR,KOR,Republic of Korea,2019,37,0,0,0,,,,,,,,,37
EUR,MDA,Moldova,2011,0,0,0,0,0,0,0,0,0,0,0,0,0
EUR,MDA,Moldova,2012,7,3,0,1,0,0,0,0,0,0,0,0,11
EUR,MDA,Moldova,2013,0,0,0,0,1,10,5,11,0,0,0,0,27
EUR,MDA,Moldova,2014,0,0,0,0,0,2,0,0,0,0,0,0,2
EUR,MDA,Moldova,2015,0,0,0,0,0,0,0,0,0,0,0,0,0
EUR,MDA,Moldova,2016,0,0,0,0,0,0,0,0,0,0,0,0,0
EUR,MDA,Moldova,2017,0,0,0,0,0,0,0,0,0,0,0,0,0
EUR,MDA,Moldova,2018,2,1,0,2,23,10,1,245,20,11,21,4,340
EUR,MDA,Moldova,2019,3,1,0,0,,,,,,,,,4
EUR,ROU,Romania,2011,139,195,407,406,521,460,386,293,248,151,393,571,4170
EUR,ROU,Romania,2012,1016,569,646,795,620,608,494,267,181,368,331,269,6164
EUR,ROU,Romania,2013,227,219,182,146,80,127,83,27,11,23,21,12,1158
EUR,ROU,Romania,2014,25,17,5,3,5,0,2,0,1,0,0,1,59
EUR,ROU,Romania,2015,2,2,0,0,0,3,0,0,0,0,1,0,8
EUR,ROU,Romania,2016,6,41,62,67,78,117,114,182,219,426,614,506,2432
EUR,ROU,Romania,2017,801,852,1331,1218,1112,1112,979,499,236,265,338,329,9072
EUR,ROU,Romania,2018,398,102,105,111,104,111,100,92,72,65,81,130,1471
EUR,ROU,Romania,2019,261,75,0,0,,,,,,,,,336
EUR,RUS,Russian Federation,2011,25,24,25,24,20,42,22,7,9,58,211,316,783
EUR,RUS,Russian Federation,2012,624,406,363,296,176,52,24,15,6,6,2,5,1975
EUR,RUS,Russian Federation,2013,22,40,75,157,266,125,63,112,125,242,556,718,2501
EUR,RUS,Russian Federation,2014,1170,733,540,357,183,63,74,31,51,19,15,27,3263
EUR,RUS,Russian Federation,2015,101,116,73,120,138,57,22,7,1,0,0,0,635
EUR,RUS,Russian Federation,2016,5,10,4,10,33,6,7,5,3,21,52,23,179
EUR,RUS,Russian Federation,2017,18,14,18,14,54,54,66,56,92,130,194,187,897
EUR,RUS,Russian Federation,2018,293,296,320,257,236,296,167,172,77,54,63,25,2256
EUR,RUS,Russian Federation,2019,239,306,27,0,,,,,,,,,572
AFR,RWA,Rwanda,2011,9,3,1,5,3,2,1,4,0,0,0,0,28
AFR,RWA,Rwanda,2012,0,0,1,0,2,3,0,7,38,4,22,2,79
AFR,RWA,Rwanda,2013,5,5,0,1,1,0,1,0,1,1,0,0,15
AFR,RWA,Rwanda,2014,1,3,0,0,1,0,2,0,1,6,0,28,42
AFR,RWA,Rwanda,2015,0,0,1,0,0,0,0,0,0,0,0,0,1
AFR,RWA,Rwanda,2016,0,3,5,1,4,0,0,0,4,26,8,10,61
AFR,RWA,Rwanda,2017,22,12,17,0,5,1,2,2,5,0,6,40,112
AFR,RWA,Rwanda,2018,4,2,0,0,1,0,4,3,0,0,1,48,63
AFR,RWA,Rwanda,2019,6,0,0,0,,,,,,,,,6
AMR,KNA,Saint Kitts and Nevis,2011,,,,,,,,,,,,,0
AMR,KNA,Saint Kitts and Nevis,2012,,,,,,,,,,,,,0
AMR,KNA,Saint Kitts and Nevis,2013,,,,,,,,,,,,,0
AMR,KNA,Saint Kitts and Nevis,2014,,,,,,,,,,,,,0
AMR,KNA,Saint Kitts and Nevis,2015,,,,,,,,,,,,,0
AMR,KNA,Saint Kitts and Nevis,2016,0,0,0,0,0,0,0,0,0,0,0,0,0
AMR,KNA,Saint Kitts and Nevis,2017,0,0,0,0,0,0,0,0,0,0,0,0,0
AMR,KNA,Saint Kitts and Nevis,2018,0,0,0,0,0,0,0,0,0,0,0,0,0
AMR,KNA,Saint Kitts and Nevis,2019,,,,,,,,,,,,,0
AMR,LCA,Saint Lucia,2011,,,,,,,,,,,,,0
AMR,LCA,Saint Lucia,2012,,,,,,,,,,,,,0
AMR,LCA,Saint Lucia,2013,,,,,,,,,,,,,0
AMR,LCA,Saint Lucia,2014,0,0,0,0,0,0,0,0,0,0,0,0,0
AMR,LCA,Saint Lucia,2015,,,,,,,,,,,,,0
AMR,LCA,Saint Lucia,2016,,,,,,,,,,,,,0
AMR,LCA,Saint Lucia,2017,,,,,,,,,,,,,0
AMR,LCA,Saint Lucia,2018,,,,,,,,,,,,,0
AMR,LCA,Saint Lucia,2019,0,0,0,0,,,,,,,,,0
AMR,VCT,Saint Vincent and the Grenadines,2011,,,,,,,,,,,,,0
AMR,VCT,Saint Vincent and the Grenadines,2012,,,,,,,,,,,,,0
AMR,VCT,Saint Vincent and the Grenadines,2013,,,,,,,,,,,,,0
AMR,VCT,Saint Vincent and the Grenadines,2014,,,,,,,,,,,,,0
AMR,VCT,Saint Vincent and the Grenadines,2015,,,,,,,,,,,,,0
AMR,VCT,Saint Vincent and the Grenadines,2016,,,,,,,,,,,,,0
AMR,VCT,Saint Vincent and the Grenadines,2017,0,0,0,0,0,0,0,0,0,0,0,0,0
AMR,VCT,Saint Vincent and the Grenadines,2018,0,0,0,0,0,0,0,0,0,0,0,0,0
AMR,VCT,Saint Vincent and the Grenadines,2019,,,,,,,,,,,,,0
WPR,WSM,Samoa,2011,0,0,0,0,0,0,0,0,0,0,0,0,0
WPR,WSM,Samoa,2012,0,0,0,0,0,0,0,0,0,0,0,0,0
WPR,WSM,Samoa,2013,0,0,0,0,0,0,0,0,0,0,0,0,0
WPR,WSM,Samoa,2014,0,0,0,0,0,0,0,0,0,0,0,0,0
WPR,WSM,Samoa,2015,0,0,0,0,0,0,0,0,0,0,0,0,0
WPR,WSM,Samoa,2016,0,0,0,0,0,0,0,0,0,0,0,0,0
WPR,WSM,Samoa,2017,0,0,0,0,0,0,0,0,0,0,0,0,0
WPR,WSM,Samoa,2018,0,0,0,0,0,0,0,0,0,0,0,0,0
WPR,WSM,Samoa,2019,0,0,0,0,,,,,,,,,0
EUR,SMR,San Marino,2011,,,,,,,,,,,,,0
EUR,SMR,San Marino,2012,,,,,,,,,,,,,0
EUR,SMR,San Marino,2013,,,,,,,,,,,,,0
EUR,SMR,San Marino,2014,,,,,,,,,,,,,0
EUR,SMR,San Marino,2015,,,,,,,,,,,,,0
EUR,SMR,San Marino,2016,,,,,,,,,,,,,0
EUR,SMR,San Marino,2017,0,0,0,0,0,0,0,0,0,0,0,0,0
EUR,SMR,San Marino,2018,0,0,0,0,0,0,0,0,0,0,0,0,0
EUR,SMR,San Marino,2019,0,0,0,0,,,,,,,,,0
AFR,STP,Sao Tome and Principe,2011,,,,,,,,,,,,,0
AFR,STP,Sao Tome and Principe,2012,,,,,,,,,,,,,0
AFR,STP,Sao Tome and Principe,2013,,,,,,,,,,,,,0
AFR,STP,Sao Tome and Principe,2014,,,,,,,,,,,,,0
AFR,STP,Sao Tome and Principe,2015,0,0,0,0,0,0,0,0,0,0,0,0,0
AFR,STP,Sao Tome and Principe,2016,,,,,,,,,,,,,0
AFR,STP,Sao Tome and Principe,2017,0,0,0,0,0,0,0,0,0,0,0,0,0
AFR,STP,Sao Tome and Principe,2018,,,,,,,,,,,,,0
AFR,STP,Sao Tome and Principe,2019,0,0,0,0,,,,,,,,,0
EMR,SAU,Saudi Arabia,2011,29,44,59,60,51,42,39,21,46,66,57,47,561
EMR,SAU,Saudi Arabia,2012,39,40,37,34,28,38,27,6,13,11,4,4,281
EMR,SAU,Saudi Arabia,2013,29,24,59,40,56,19,8,4,3,8,2,1,253
EMR,SAU,Saudi Arabia,2014,16,21,20,17,16,8,3,7,4,13,12,16,153
EMR,SAU,Saudi Arabia,2015,28,12,14,53,57,54,17,16,4,6,6,30,297
EMR,SAU,Saudi Arabia,2016,3,8,8,0,7,4,18,18,7,11,7,15,106
EMR,SAU,Saudi Arabia,2017,76,84,41,22,16,7,19,17,19,19,48,61,429
EMR,SAU,Saudi Arabia,2018,52,101,187,209,133,74,59,31,30,49,48,56,1029
EMR,SAU,Saudi Arabia,2019,258,1,0,0,,,,,,,,,259
AFR,SEN,Senegal,2011,5,2,11,2,0,2,0,0,0,0,0,0,22
AFR,SEN,Senegal,2012,0,1,9,20,13,6,0,2,1,0,0,1,53
AFR,SEN,Senegal,2013,4,1,0,1,1,1,2,0,1,2,0,0,13
AFR,SEN,Senegal,2014,2,5,8,9,4,1,2,1,2,1,0,1,36
AFR,SEN,Senegal,2015,0,3,9,11,7,6,6,1,4,8,4,14,73
AFR,SEN,Senegal,2016,16,35,36,49,23,37,3,5,9,10,6,14,243
AFR,SEN,Senegal,2017,2,3,3,3,0,0,2,0,1,2,1,12,29
AFR,SEN,Senegal,2018,0,0,0,0,1,2,1,1,3,1,1,2,12
AFR,SEN,Senegal,2019,44,17,39,0,,,,,,,,,100
EUR,SRB,Serbia,2011,45,56,120,63,37,25,6,4,2,0,0,0,358
EUR,SRB,Serbia,2012,0,0,0,0,0,0,0,0,0,0,0,0,0
EUR,SRB,Serbia,2013,0,0,0,0,1,0,0,0,0,0,0,0,1
EUR,SRB,Serbia,2014,0,0,0,0,0,0,0,0,0,0,6,29,35
EUR,SRB,Serbia,2015,84,57,29,62,61,11,41,11,8,3,0,1,368
EUR,SRB,Serbia,2016,0,0,1,0,0,0,0,0,0,0,5,8,14
EUR,SRB,Serbia,2017,0,6,0,0,4,1,0,0,0,13,286,392,702
EUR,SRB,Serbia,2018,901,1230,1522,684,447,170,49,16,15,23,12,7,5076
EUR,SRB,Serbia,2019,1,1,0,0,,,,,,,,,2
AFR,SYC,Seychelles,2011,,,,,,,,,,,,,0
AFR,SYC,Seychelles,2012,,,,,,,,,,,,,0
AFR,SYC,Seychelles,2013,,,,,,,,,,,,,0
AFR,SYC,Seychelles,2014,,,,,,,,,,,,,0
AFR,SYC,Seychelles,2015,,,,,,,,,,,,,0
AFR,SYC,Seychelles,2016,,,,,,,,,,,,,0
AFR,SYC,Seychelles,2017,,,,,,,,,,,,,0
AFR,SYC,Seychelles,2018,,,,,,,,,,,,,0
AFR,SYC,Seychelles,2019,,,,,,,,,,,,,0
AFR,SLE,Sierra Leone,2011,6,1,3,3,1,3,0,0,0,0,0,0,17
AFR,SLE,Sierra Leone,2012,1,8,1,6,16,5,0,1,0,0,0,0,38
AFR,SLE,Sierra Leone,2013,2,5,2,1,3,0,0,0,0,0,0,0,13
AFR,SLE,Sierra Leone,2014,14,7,18,4,0,0,0,0,0,0,0,0,43
AFR,SLE,Sierra Leone,2015,6,10,11,6,2,6,4,20,26,50,61,20,222
AFR,SLE,Sierra Leone,2016,47,69,48,3,8,4,5,0,0,8,9,0,201
AFR,SLE,Sierra Leone,2017,18,37,19,2,0,0,0,2,1,3,3,5,90
AFR,SLE,Sierra Leone,2018,6,5,1,1,13,24,8,9,10,7,21,4,109
AFR,SLE,Sierra Leone,2019,14,19,0,0,,,,,,,,,33
WPR,SGP,Singapore,2011,17,9,11,4,6,8,17,17,4,6,18,26,143
WPR,SGP,Singapore,2012,7,6,2,2,2,3,2,3,5,7,1,0,40
WPR,SGP,Singapore,2013,2,1,1,4,6,1,2,9,9,11,6,14,66
WPR,SGP,Singapore,2014,37,31,18,26,16,8,16,9,4,2,2,2,171
WPR,SGP,Singapore,2015,2,3,3,8,2,2,9,2,4,5,3,2,45
WPR,SGP,Singapore,2016,1,6,13,18,34,10,4,11,7,12,24,17,157
WPR,SGP,Singapore,2017,11,10,13,6,7,8,2,4,5,3,2,10,81
WPR,SGP,Singapore,2018,4,3,6,7,5,1,3,2,1,1,4,0,37
WPR,SGP,Singapore,2019,13,17,0,0,,,,,,,,,30
EUR,SVK,Slovakia,2011,0,0,1,0,1,0,0,0,0,0,0,0,2
EUR,SVK,Slovakia,2012,0,0,0,0,0,0,1,0,0,0,0,0,1
EUR,SVK,Slovakia,2013,0,0,0,0,0,0,0,0,0,0,0,0,0
EUR,SVK,Slovakia,2014,0,0,0,0,0,0,0,0,0,0,0,0,0
EUR,SVK,Slovakia,2015,0,0,0,0,0,0,0,0,0,0,0,0,0
EUR,SVK,Slovakia,2016,0,0,0,0,0,0,0,0,0,0,0,0,0
EUR,SVK,Slovakia,2017,0,0,0,2,0,0,0,0,0,0,0,8,10
EUR,SVK,Slovakia,2018,1,0,1,2,23,83,263,63,26,22,39,49,572
EUR,SVK,Slovakia,2019,41,32,0,0,,,,,,,,,73
EUR,SVN,Slovenia,2011,0,0,0,2,1,7,12,0,0,0,0,0,22
EUR,SVN,Slovenia,2012,1,0,1,0,0,0,0,0,0,0,0,0,2
EUR,SVN,Slovenia,2013,0,0,0,0,0,0,1,0,0,0,0,0,1
EUR,SVN,Slovenia,2014,0,0,0,0,1,0,1,0,0,0,28,22,52
EUR,SVN,Slovenia,2015,7,8,2,2,0,0,0,0,0,0,0,0,19
EUR,SVN,Slovenia,2016,0,0,0,0,1,0,0,0,0,0,0,0,1
EUR,SVN,Slovenia,2017,2,5,0,0,0,0,0,0,0,0,0,1,8
EUR,SVN,Slovenia,2018,2,0,0,0,3,3,0,0,0,1,0,0,9
EUR,SVN,Slovenia,2019,0,0,0,0,,,,,,,,,0
WPR,SLB,Solomon Islands,2011,0,0,0,0,0,0,0,0,0,0,0,0,0
WPR,SLB,Solomon Islands,2012,0,0,0,0,0,0,0,0,0,0,0,0,0
WPR,SLB,Solomon Islands,2013,0,0,0,0,0,0,0,0,0,0,0,0,0
WPR,SLB,Solomon Islands,2014,0,0,0,0,0,1,8,6,0,0,0,0,15
WPR,SLB,Solomon Islands,2015,0,0,0,0,0,0,0,0,0,0,0,0,0
WPR,SLB,Solomon Islands,2016,1,0,0,0,0,0,0,0,0,0,0,0,1
WPR,SLB,Solomon Islands,2017,2,0,1,0,0,0,0,0,0,0,0,0,3
WPR,SLB,Solomon Islands,2018,0,0,0,0,0,0,0,0,0,0,0,0,0
WPR,SLB,Solomon Islands,2019,0,0,0,0,,,,,,,,,0
EMR,SOM,Somalia,2011,0,8,0,0,0,0,0,28,3,26,6,2,73
EMR,SOM,Somalia,2012,11,40,20,41,1,12,8,3,1,2,0,1,140
EMR,SOM,Somalia,2013,38,27,29,76,25,6,3,0,0,18,0,6,228
EMR,SOM,Somalia,2014,43,92,248,128,224,118,64,6,15,46,1,4,989
EMR,SOM,Somalia,2015,12,17,32,5,11,2,0,1,0,24,5,3,112
EMR,SOM,Somalia,2016,1,0,5,0,0,0,0,0,0,11,4,7,28
EMR,SOM,Somalia,2017,14,22,10,3,4,8,6,4,39,28,17,16,171
EMR,SOM,Somalia,2018,22,16,11,18,26,10,12,10,3,2,1,0,131
EMR,SOM,Somalia,2019,6,0,0,0,,,,,,,,,6
AFR,ZAF,South Africa,2011,40,22,20,20,12,8,4,9,5,6,5,4,155
AFR,ZAF,South Africa,2012,3,4,3,4,5,6,2,4,2,0,1,4,38
AFR,ZAF,South Africa,2013,2,4,1,4,1,3,2,7,7,10,7,3,51
AFR,ZAF,South Africa,2014,2,6,8,9,2,6,0,5,22,24,39,20,143
AFR,ZAF,South Africa,2015,143,52,83,38,43,25,33,98,276,168,62,0,1021
AFR,ZAF,South Africa,2016,2,1,2,2,0,0,4,3,6,4,0,0,24
AFR,ZAF,South Africa,2017,8,23,17,11,21,19,20,24,30,29,14,0,216
AFR,ZAF,South Africa,2018,11,8,4,5,9,6,4,2,1,2,0,0,52
AFR,ZAF,South Africa,2019,5,3,0,0,,,,,,,,,8
AFR,SSD,South Sudan,2011,,,,,,,,,,,,,0
AFR,SSD,South Sudan,2012,120,291,411,447,404,171,65,6,2,20,19,13,1969
AFR,SSD,South Sudan,2013,116,122,115,30,40,19,20,31,27,0,0,0,520
AFR,SSD,South Sudan,2014,13,9,25,4,0,1,3,0,3,16,0,0,74
AFR,SSD,South Sudan,2015,12,11,139,136,10,2,2,3,18,10,24,52,419
AFR,SSD,South Sudan,2016,28,158,337,218,123,6,4,5,13,3,7,0,902
AFR,SSD,South Sudan,2017,86,51,56,47,36,9,17,19,51,100,16,3,491
AFR,SSD,South Sudan,2018,28,22,16,24,20,15,0,0,1,0,0,0,126
AFR,SSD,South Sudan,2019,317,116,0,0,,,,,,,,,433
EUR,ESP,Spain,2011,145,216,423,653,667,345,248,147,185,168,203,108,3508
EUR,ESP,Spain,2012,179,303,366,148,86,60,35,12,5,10,3,3,1210
EUR,ESP,Spain,2013,5,15,13,15,15,18,31,8,4,4,0,3,131
EUR,ESP,Spain,2014,10,26,77,27,8,1,1,1,1,0,0,1,153
EUR,ESP,Spain,2015,8,11,11,4,5,9,6,1,0,0,0,0,55
EUR,ESP,Spain,2016,0,0,9,9,0,2,3,2,3,2,6,2,38
EUR,ESP,Spain,2017,12,28,20,10,38,16,9,10,2,0,1,11,157
EUR,ESP,Spain,2018,6,14,52,50,41,25,15,7,4,4,1,6,225
EUR,ESP,Spain,2019,11,10,1,0,,,,,,,,,22
SEAR,LKA,Sri Lanka,2011,13,7,3,109,103,13,1,9,77,1,10,0,346
SEAR,LKA,Sri Lanka,2012,29,1,7,2,5,8,2,2,1,5,3,4,69
SEAR,LKA,Sri Lanka,2013,30,55,173,222,370,367,654,824,426,320,324,191,3956
SEAR,LKA,Sri Lanka,2014,441,331,333,211,240,121,209,264,138,127,95,84,2594
SEAR,LKA,Sri Lanka,2015,107,155,256,224,203,145,328,224,122,120,50,33,1967
SEAR,LKA,Sri Lanka,2016,26,18,24,21,4,2,2,7,2,3,2,1,112
SEAR,LKA,Sri Lanka,2017,0,0,0,1,0,0,0,0,0,0,0,0,1
SEAR,LKA,Sri Lanka,2018,1,0,0,0,0,0,0,0,0,0,0,0,1
SEAR,LKA,Sri Lanka,2019,1,0,1,0,,,,,,,,,2
EMR,SDN,Sudan,2011,281,805,1346,730,779,467,240,48,148,214,178,380,5616
EMR,SDN,Sudan,2012,584,1034,1042,835,1471,997,420,722,779,264,297,76,8521
EMR,SDN,Sudan,2013,257,347,587,385,328,342,160,87,92,74,103,49,2811
EMR,SDN,Sudan,2014,16,30,29,56,48,24,23,27,48,42,106,227,676
EMR,SDN,Sudan,2015,387,446,1110,555,213,209,220,151,113,76,71,34,3585
EMR,SDN,Sudan,2016,82,178,481,330,295,99,69,58,37,40,48,50,1767
EMR,SDN,Sudan,2017,78,93,126,112,84,27,33,36,11,18,18,29,665
EMR,SDN,Sudan,2018,83,117,271,415,668,596,638,382,437,554,473,344,4978
EMR,SDN,Sudan,2019,516,0,0,0,,,,,,,,,516
AMR,SUR,Suriname,2011,0,0,0,0,0,0,0,0,0,0,0,0,0
AMR,SUR,Suriname,2012,0,0,0,0,0,0,0,0,0,0,0,0,0
AMR,SUR,Suriname,2013,0,0,0,0,0,0,0,0,0,0,0,0,0
AMR,SUR,Suriname,2014,0,0,0,0,0,0,0,0,0,0,0,0,0
AMR,SUR,Suriname,2015,0,0,0,0,0,0,0,0,0,0,0,0,0
AMR,SUR,Suriname,2016,0,0,0,0,0,0,0,0,0,0,0,0,0
AMR,SUR,Suriname,2017,0,0,0,0,0,0,0,0,0,0,0,0,0
AMR,SUR,Suriname,2018,0,0,0,0,0,0,0,0,0,0,0,0,0
AMR,SUR,Suriname,2019,,,,,,,,,,,,,0
EUR,SWE,Sweden,2011,4,1,1,8,4,1,2,1,0,1,3,0,26
EUR,SWE,Sweden,2012,2,17,1,4,2,1,0,1,2,0,0,1,31
EUR,SWE,Sweden,2013,5,13,4,0,11,15,3,0,0,0,0,0,51
EUR,SWE,Sweden,2014,5,4,0,1,2,3,3,2,0,4,1,1,26
EUR,SWE,Sweden,2015,3,3,0,1,9,4,2,0,0,0,0,0,22
EUR,SWE,Sweden,2016,0,0,0,1,0,0,0,2,0,0,0,0,3
EUR,SWE,Sweden,2017,2,8,8,3,3,0,0,2,3,1,0,16,46
EUR,SWE,Sweden,2018,12,3,1,4,3,2,5,1,3,1,1,2,38
EUR,SWE,Sweden,2019,0,1,0,0,,,,,,,,,1
EUR,CHE,Switzerland,2011,57,46,106,205,122,56,28,10,1,2,0,3,636
EUR,CHE,Switzerland,2012,2,3,5,11,22,6,3,4,0,1,2,2,61
EUR,CHE,Switzerland,2013,5,2,3,6,9,47,55,35,9,2,2,0,175
EUR,CHE,Switzerland,2014,5,5,3,1,1,1,1,4,1,0,0,1,23
EUR,CHE,Switzerland,2015,3,3,5,1,1,1,8,8,5,0,0,0,35
EUR,CHE,Switzerland,2016,2,0,10,18,9,1,1,2,5,2,4,12,66
EUR,CHE,Switzerland,2017,16,26,17,10,0,0,1,10,17,4,4,0,105
EUR,CHE,Switzerland,2018,7,6,6,3,3,2,1,4,4,12,1,2,51
EUR,CHE,Switzerland,2019,9,43,0,0,,,,,,,,,52
EMR,SYR,Syrian Arab Republic,2011,0,0,0,0,0,2,0,0,0,0,0,0,2
EMR,SYR,Syrian Arab Republic,2012,0,0,0,0,0,0,0,0,0,0,5,8,13
EMR,SYR,Syrian Arab Republic,2013,7,43,46,99,109,61,26,7,4,0,0,0,402
EMR,SYR,Syrian Arab Republic,2014,45,57,82,106,139,117,30,12,1,1,1,3,594
EMR,SYR,Syrian Arab Republic,2015,1,1,4,10,19,3,0,3,0,4,0,0,45
EMR,SYR,Syrian Arab Republic,2016,0,1,2,4,12,5,9,3,0,4,9,17,66
EMR,SYR,Syrian Arab Republic,2017,25,77,136,169,124,40,50,40,18,14,11,34,738
EMR,SYR,Syrian Arab Republic,2018,55,62,43,33,65,36,14,8,3,2,2,6,329
EMR,SYR,Syrian Arab Republic,2019,2,2,1,0,,,,,,,,,5
EUR,TJK,Tajikistan,2011,0,0,0,0,0,0,0,0,0,0,0,0,0
EUR,TJK,Tajikistan,2012,0,0,4,0,0,3,0,0,0,0,0,0,7
EUR,TJK,Tajikistan,2013,1,0,0,0,0,0,0,0,0,0,0,0,1
EUR,TJK,Tajikistan,2014,0,0,0,0,0,0,0,0,0,0,0,0,0
EUR,TJK,Tajikistan,2015,3,0,0,0,0,0,0,0,0,0,0,0,3
EUR,TJK,Tajikistan,2016,0,0,0,0,7,9,0,0,0,1,24,11,52
EUR,TJK,Tajikistan,2017,44,67,98,229,149,51,11,2,0,0,0,0,651
EUR,TJK,Tajikistan,2018,0,0,0,0,0,0,0,0,0,0,0,0,0
EUR,TJK,Tajikistan,2019,0,1,0,0,,,,,,,,,1
SEAR,THA,Thailand,2011,142,222,212,248,160,231,257,209,220,251,355,366,2873
SEAR,THA,Thailand,2012,611,486,577,325,268,319,312,348,215,221,216,174,4072
SEAR,THA,Thailand,2013,221,246,257,196,255,180,183,147,142,111,69,49,2056
SEAR,THA,Thailand,2014,59,96,93,80,73,95,60,73,72,50,47,36,834
SEAR,THA,Thailand,2015,6,19,9,10,11,23,12,9,14,38,16,23,190
SEAR,THA,Thailand,2016,38,25,36,67,59,53,69,131,87,134,142,168,1009
SEAR,THA,Thailand,2017,245,274,292,186,172,198,89,75,102,75,170,155,2033
SEAR,THA,Thailand,2018,150,104,128,127,93,101,154,221,421,1414,1188,837,4938
SEAR,THA,Thailand,2019,765,764,491,0,,,,,,,,,2020
EUR,MKD,The Republic of North Macedonia ,2011,88,95,204,236,74,24,6,2,0,0,0,2,731
EUR,MKD,The Republic of North Macedonia ,2012,0,3,1,0,1,0,0,0,0,0,0,1,6
EUR,MKD,The Republic of North Macedonia ,2013,0,1,1,0,1,0,0,0,0,0,0,1,4
EUR,MKD,The Republic of North Macedonia ,2014,6,6,34,48,12,1,0,0,0,0,0,0,107
EUR,MKD,The Republic of North Macedonia ,2015,0,1,0,0,0,0,0,0,0,0,0,0,1
EUR,MKD,The Republic of North Macedonia ,2016,0,0,0,0,0,0,0,0,0,0,0,0,0
EUR,MKD,The Republic of North Macedonia ,2017,0,0,0,0,0,0,0,0,11,8,0,1,20
EUR,MKD,The Republic of North Macedonia ,2018,4,4,0,0,1,3,24,7,2,1,5,13,64
EUR,MKD,The Republic of North Macedonia ,2019,165,0,0,0,,,,,,,,,165
SEAR,TLS,Timor-Leste,2011,5,14,28,304,298,101,13,1,0,0,0,0,764
SEAR,TLS,Timor-Leste,2012,0,0,0,0,10,2,0,0,0,0,0,0,12
SEAR,TLS,Timor-Leste,2013,0,0,0,0,2,0,2,0,0,0,0,0,4
SEAR,TLS,Timor-Leste,2014,0,0,0,0,1,1,2,2,36,6,3,1,52
SEAR,TLS,Timor-Leste,2015,0,0,0,4,1,0,2,4,0,0,0,0,11
SEAR,TLS,Timor-Leste,2016,1,0,0,0,1,1,0,8,2,0,0,0,13
SEAR,TLS,Timor-Leste,2017,0,0,0,0,0,0,0,0,0,0,0,0,0
SEAR,TLS,Timor-Leste,2018,1,0,0,0,1,0,0,0,0,0,0,0,2
SEAR,TLS,Timor-Leste,2019,6,10,0,0,,,,,,,,,16
AFR,TGO,Togo,2011,9,22,41,24,15,2,5,9,4,11,14,9,165
AFR,TGO,Togo,2012,37,53,52,24,20,17,11,4,2,3,15,21,259
AFR,TGO,Togo,2013,67,41,33,34,20,13,36,16,15,12,8,18,313
AFR,TGO,Togo,2014,44,64,27,7,5,8,1,5,2,3,1,2,169
AFR,TGO,Togo,2015,2,1,5,0,2,2,2,0,2,2,0,10,28
AFR,TGO,Togo,2016,5,19,15,47,37,22,9,1,0,1,0,0,156
AFR,TGO,Togo,2017,4,15,20,3,5,4,0,1,3,1,2,4,62
AFR,TGO,Togo,2018,2,5,9,11,26,21,29,28,27,38,32,17,245
AFR,TGO,Togo,2019,13,24,16,0,,,,,,,,,53
WPR,TON,Tonga,2011,0,0,0,0,0,0,0,0,0,0,0,0,0
WPR,TON,Tonga,2012,0,0,0,0,0,0,0,0,0,0,0,0,0
WPR,TON,Tonga,2013,0,0,0,0,0,0,0,0,0,0,0,0,0
WPR,TON,Tonga,2014,0,0,0,0,0,0,0,0,0,0,0,0,0
WPR,TON,Tonga,2015,0,0,0,0,0,0,0,0,0,0,0,0,0
WPR,TON,Tonga,2016,0,0,0,0,0,0,0,0,0,0,0,0,0
WPR,TON,Tonga,2017,0,0,0,0,0,0,0,0,0,0,0,0,0
WPR,TON,Tonga,2018,0,0,0,0,0,0,0,0,0,0,0,0,0
WPR,TON,Tonga,2019,0,0,0,0,,,,,,,,,0
AMR,TTO,Trinidad and Tobago,2011,,,,,,,,,,,,,0
AMR,TTO,Trinidad and Tobago,2012,,,,,,,,,,,,,0
AMR,TTO,Trinidad and Tobago,2013,,,,,,,,,,,,,0
AMR,TTO,Trinidad and Tobago,2014,0,0,0,0,0,0,0,0,0,0,0,0,0
AMR,TTO,Trinidad and Tobago,2015,0,0,0,0,0,0,0,0,0,0,0,0,0
AMR,TTO,Trinidad and Tobago,2016,0,0,0,0,0,0,0,0,0,0,0,0,0
AMR,TTO,Trinidad and Tobago,2017,0,0,0,0,0,0,0,0,0,0,0,0,0
AMR,TTO,Trinidad and Tobago,2018,0,0,0,0,0,0,0,0,0,0,0,0,0
AMR,TTO,Trinidad and Tobago,2019,0,0,0,0,,,,,,,,,0
EMR,TUN,Tunisia,2011,0,1,0,4,5,4,0,0,0,0,0,0,14
EMR,TUN,Tunisia,2012,3,1,2,6,14,10,3,5,3,1,0,0,48
EMR,TUN,Tunisia,2013,0,1,0,1,3,0,1,0,1,6,3,1,17
EMR,TUN,Tunisia,2014,1,4,0,2,1,0,1,1,0,2,3,1,16
EMR,TUN,Tunisia,2015,3,1,2,1,3,1,0,0,2,0,2,4,19
EMR,TUN,Tunisia,2016,1,0,1,3,0,0,0,1,1,0,0,0,7
EMR,TUN,Tunisia,2017,0,0,1,0,0,1,2,0,0,0,1,0,5
EMR,TUN,Tunisia,2018,0,0,0,4,2,2,1,2,0,0,1,0,12
EMR,TUN,Tunisia,2019,78,329,38,0,,,,,,,,,445
EUR,TUR,Turkey,2011,6,31,40,12,5,5,6,0,0,0,0,0,105
EUR,TUR,Turkey,2012,4,0,0,0,0,12,42,8,12,36,70,514,698
EUR,TUR,Turkey,2013,586,1114,1466,1313,1267,860,378,89,52,73,102,115,7415
EUR,TUR,Turkey,2014,95,160,118,77,49,40,22,8,0,1,0,2,572
EUR,TUR,Turkey,2015,7,8,21,43,92,36,39,51,36,8,1,0,342
EUR,TUR,Turkey,2016,0,1,0,0,3,3,2,0,0,0,0,0,9
EUR,TUR,Turkey,2017,3,0,3,12,17,0,0,11,1,3,14,5,69
EUR,TUR,Turkey,2018,5,5,51,86,160,65,85,63,1,0,22,25,568
EUR,TUR,Turkey,2019,0,0,0,0,,,,,,,,,0
EUR,TKM,Turkmenistan,2011,0,0,0,0,0,0,0,0,0,0,0,0,0
EUR,TKM,Turkmenistan,2012,0,0,0,0,0,0,0,0,0,0,0,0,0
EUR,TKM,Turkmenistan,2013,0,0,0,0,0,0,0,0,0,0,0,0,0
EUR,TKM,Turkmenistan,2014,,,,,,,,,,,,,0
EUR,TKM,Turkmenistan,2015,,,,,,,,,,,,,0
EUR,TKM,Turkmenistan,2016,,,,,,,,,,,,,0
EUR,TKM,Turkmenistan,2017,0,0,0,0,0,0,0,0,0,0,0,0,0
EUR,TKM,Turkmenistan,2018,0,0,0,0,0,0,0,0,0,0,0,0,0
EUR,TKM,Turkmenistan,2019,0,0,0,0,,,,,,,,,0
WPR,TUV,Tuvalu,2011,0,0,0,0,0,0,0,0,0,0,0,0,0
WPR,TUV,Tuvalu,2012,0,0,0,0,0,0,0,0,0,0,0,0,0
WPR,TUV,Tuvalu,2013,0,0,0,0,0,0,0,0,0,0,0,0,0
WPR,TUV,Tuvalu,2014,0,0,0,0,0,0,0,0,0,0,0,0,0
WPR,TUV,Tuvalu,2015,0,0,0,0,0,0,0,0,0,0,0,0,0
WPR,TUV,Tuvalu,2016,0,0,0,0,0,0,0,0,0,0,0,0,0
WPR,TUV,Tuvalu,2017,0,0,0,0,0,0,0,0,0,0,0,0,0
WPR,TUV,Tuvalu,2018,0,0,0,0,0,0,0,0,0,0,0,0,0
WPR,TUV,Tuvalu,2019,0,0,0,0,,,,,,,,,0
AFR,UGA,Uganda,2011,2,0,0,1,0,5,4,3,2,3,62,50,132
AFR,UGA,Uganda,2012,190,69,165,69,50,17,26,50,14,16,28,26,720
AFR,UGA,Uganda,2013,145,81,38,25,23,22,21,84,6,6,8,1,460
AFR,UGA,Uganda,2014,89,119,10,11,14,8,12,17,14,11,6,4,315
AFR,UGA,Uganda,2015,25,31,44,64,35,52,75,120,84,10,14,18,572
AFR,UGA,Uganda,2016,15,17,10,49,24,23,56,16,8,14,13,15,260
AFR,UGA,Uganda,2017,19,5,19,27,13,19,50,100,87,96,169,288,892
AFR,UGA,Uganda,2018,169,241,389,245,325,140,242,219,209,185,143,107,2614
AFR,UGA,Uganda,2019,148,97,0,0,,,,,,,,,245
EUR,UKR,Ukraine,2011,0,1,0,1,10,0,44,45,13,59,131,1009,1313
EUR,UKR,Ukraine,2012,2309,1999,2095,1797,1695,1191,671,212,133,143,263,236,12744
EUR,UKR,Ukraine,2013,419,386,241,252,266,257,138,47,149,401,535,217,3308
EUR,UKR,Ukraine,2014,394,261,322,312,384,287,151,37,52,29,60,37,2326
EUR,UKR,Ukraine,2015,25,22,7,14,14,7,6,38,2,3,2,1,141
EUR,UKR,Ukraine,2016,4,0,0,3,2,0,0,5,0,8,44,24,90
EUR,UKR,Ukraine,2017,25,14,44,89,317,469,428,242,248,505,1001,1400,4782
EUR,UKR,Ukraine,2018,3030,3099,2618,3812,5629,4882,3877,2517,1848,3808,7916,10182,53218
EUR,UKR,Ukraine,2019,13760,11559,0,0,,,,,,,,,25319
EMR,ARE,United Arab Emirates,2011,0,20,59,19,15,18,5,0,3,1,3,0,143
EMR,ARE,United Arab Emirates,2012,11,4,14,8,5,9,9,3,2,1,10,31,107
EMR,ARE,United Arab Emirates,2013,15,17,22,38,57,37,36,14,13,20,21,20,310
EMR,ARE,United Arab Emirates,2014,37,24,57,60,57,33,20,9,18,14,5,10,344
EMR,ARE,United Arab Emirates,2015,62,97,101,86,97,76,35,25,32,62,80,73,826
EMR,ARE,United Arab Emirates,2016,21,23,29,32,30,16,15,14,9,8,15,3,215
EMR,ARE,United Arab Emirates,2017,17,12,17,15,14,8,7,7,9,2,5,5,118
EMR,ARE,United Arab Emirates,2018,18,18,40,21,26,10,8,6,10,8,4,4,173
EMR,ARE,United Arab Emirates,2019,9,0,0,0,,,,,,,,,9
EUR,GBR,United Kingdom,2011,31,33,143,173,186,133,105,60,54,73,63,29,1083
EUR,GBR,United Kingdom,2012,39,111,148,191,289,193,151,137,153,152,224,115,1903
EUR,GBR,United Kingdom,2013,274,269,359,478,233,124,81,22,15,28,13,4,1900
EUR,GBR,United Kingdom,2014,39,27,26,13,2,4,20,1,1,2,2,0,137
EUR,GBR,United Kingdom,2015,6,11,3,7,14,13,7,5,3,2,9,12,92
EUR,GBR,United Kingdom,2016,4,22,44,56,48,76,132,108,29,37,14,1,571
EUR,GBR,United Kingdom,2017,10,1,8,17,34,25,22,12,18,22,65,46,280
EUR,GBR,United Kingdom,2018,55,81,150,202,155,100,82,54,16,21,26,11,953
EUR,GBR,United Kingdom,2019,71,35,0,0,,,,,,,,,106
AFR,TZA,Tanzania,2011,75,76,179,163,171,766,149,130,28,35,24,2,1798
AFR,TZA,Tanzania,2012,151,238,177,80,56,81,33,42,65,73,104,27,1127
AFR,TZA,Tanzania,2013,41,15,30,33,43,50,47,22,19,56,83,28,467
AFR,TZA,Tanzania,2014,8,5,48,18,33,122,73,20,56,14,1,0,398
AFR,TZA,Tanzania,2015,12,4,7,4,10,7,29,77,94,148,250,124,766
AFR,TZA,Tanzania,2016,1,2,0,5,3,4,18,66,54,31,102,108,394
AFR,TZA,Tanzania,2017,10,9,7,18,10,43,43,75,185,187,138,75,800
AFR,TZA,Tanzania,2018,19,3,10,12,12,5,8,15,15,53,101,133,386
AFR,TZA,Tanzania,2019,,,,,,,,,,,,,0
AMR,USA,United States,2011,,,,,,,,,,,,,0
AMR,USA,United States,2012,0,0,0,0,0,0,0,0,0,0,0,55,55
AMR,USA,United States,2013,9,5,14,45,36,10,19,27,3,1,16,3,188
AMR,USA,United States,2014,0,0,0,0,0,0,0,0,0,0,0,668,668
AMR,USA,United States,2015,132,48,3,11,3,4,5,2,0,0,0,0,208
AMR,USA,United States,2016,0,0,0,0,0,0,0,0,0,0,0,80,80
AMR,USA,United States,2017,0,0,0,0,0,0,0,0,0,0,0,120,120
AMR,USA,United States,2018,0,0,0,0,0,0,0,0,0,0,0,372,372
AMR,USA,United States,2019,52,154,181,0,,,,,,,,,387
AMR,URY,Uruguay,2011,,,,,,,,,,,,,0
AMR,URY,Uruguay,2012,,,,,,,,,,,,,0
AMR,URY,Uruguay,2013,,,,,,,,,,,,,0
AMR,URY,Uruguay,2014,0,0,0,0,0,0,0,0,0,0,0,0,0
AMR,URY,Uruguay,2015,0,0,0,0,0,0,0,0,0,0,0,0,0
AMR,URY,Uruguay,2016,,,,,,,,,,,,,0
AMR,URY,Uruguay,2017,0,0,0,0,0,0,0,0,0,0,0,0,0
AMR,URY,Uruguay,2018,0,0,0,0,0,0,0,0,0,0,0,0,0
AMR,URY,Uruguay,2019,,,,,,,,,,,,,0
EUR,UZB,Uzbekistan,2011,44,58,112,102,90,48,14,0,0,0,0,0,468
EUR,UZB,Uzbekistan,2012,0,0,0,0,0,0,0,0,0,0,0,0,0
EUR,UZB,Uzbekistan,2013,0,0,0,0,0,0,0,0,0,0,0,0,0
EUR,UZB,Uzbekistan,2014,0,0,0,3,0,3,2,0,0,0,0,0,8
EUR,UZB,Uzbekistan,2015,1,5,0,3,5,4,0,0,0,0,0,2,20
EUR,UZB,Uzbekistan,2016,0,1,0,0,0,0,0,0,0,0,0,0,1
EUR,UZB,Uzbekistan,2017,0,0,0,0,0,0,0,0,0,0,0,0,0
EUR,UZB,Uzbekistan,2018,0,0,0,0,2,7,7,0,1,0,0,6,23
EUR,UZB,Uzbekistan,2019,9,10,0,0,,,,,,,,,19
WPR,VUT,Vanuatu,2011,0,0,0,0,0,0,0,0,0,0,0,0,0
WPR,VUT,Vanuatu,2012,0,0,0,0,0,0,0,0,0,0,0,0,0
WPR,VUT,Vanuatu,2013,0,0,0,0,0,0,0,0,0,0,0,0,0
WPR,VUT,Vanuatu,2014,0,0,0,0,0,0,0,0,3,2,0,0,5
WPR,VUT,Vanuatu,2015,3,2,5,2,4,0,0,0,3,0,0,0,19
WPR,VUT,Vanuatu,2016,0,0,0,0,0,0,0,0,0,0,0,0,0
WPR,VUT,Vanuatu,2017,,,,,,,,,,,,,0
WPR,VUT,Vanuatu,2018,,,,,,,,,,,,,0
WPR,VUT,Vanuatu,2019,,,,,,,,,,,,,0
AMR,VEN,Venezuela,2011,0,0,0,0,0,0,0,0,0,0,0,0,0
AMR,VEN,Venezuela,2012,0,0,0,1,0,0,0,0,0,0,0,0,1
AMR,VEN,Venezuela,2013,0,0,0,0,0,0,0,0,0,0,0,0,0
AMR,VEN,Venezuela,2014,0,0,0,0,0,0,0,0,0,0,0,0,0
AMR,VEN,Venezuela,2015,0,0,0,0,0,0,0,0,0,0,0,0,0
AMR,VEN,Venezuela,2016,0,0,0,0,0,0,0,0,0,0,0,1,1
AMR,VEN,Venezuela,2017,0,0,0,0,0,0,0,0,0,0,0,727,727
AMR,VEN,Venezuela,2018,0,0,0,0,0,0,0,0,0,0,0,5668,5668
AMR,VEN,Venezuela,2019,0,0,40,0,,,,,,,,,40
WPR,VNM,Vietnam,2011,104,54,226,167,99,28,24,15,15,3,10,0,745
WPR,VNM,Vietnam,2012,55,77,101,84,90,58,42,37,34,31,15,12,636
WPR,VNM,Vietnam,2013,32,29,63,44,89,47,208,106,40,155,259,236,1308
WPR,VNM,Vietnam,2014,602,1460,2363,4391,4273,2162,589,264,206,175,62,59,16606
WPR,VNM,Vietnam,2015,111,97,103,107,129,70,34,24,25,28,92,64,884
WPR,VNM,Vietnam,2016,44,24,45,82,76,76,21,112,20,7,13,0,520
WPR,VNM,Vietnam,2017,42,56,88,59,54,42,46,46,35,54,52,17,591
WPR,VNM,Vietnam,2018,52,54,117,139,201,322,276,280,359,415,229,322,2766
WPR,VNM,Vietnam,2019,,,,,,,,,,,,,0
EMR,YEM,Yemen,2011,122,180,100,58,54,51,67,26,117,72,0,0,847
EMR,YEM,Yemen,2012,660,484,316,109,227,211,23,24,2,1,11,75,2143
EMR,YEM,Yemen,2013,37,84,61,45,124,32,40,10,47,22,53,16,571
EMR,YEM,Yemen,2014,134,121,238,80,40,62,26,29,19,33,31,4,817
EMR,YEM,Yemen,2015,55,134,164,27,9,4,5,5,9,23,21,9,465
EMR,YEM,Yemen,2016,23,25,36,0,0,4,14,2,0,17,22,0,143
EMR,YEM,Yemen,2017,101,158,129,78,60,50,227,206,236,284,271,301,2101
EMR,YEM,Yemen,2018,871,1180,1394,1654,1420,940,1101,667,1074,1116,868,332,12617
EMR,YEM,Yemen,2019,,,,,,,,,,,,,0
AFR,ZMB,Zambia,2011,2985,2114,2183,1973,1655,1066,664,429,64,7,10,3,13153
AFR,ZMB,Zambia,2012,143,135,117,68,58,26,8,1,0,0,4,2,562
AFR,ZMB,Zambia,2013,0,0,0,1,0,0,0,0,0,0,0,0,1
AFR,ZMB,Zambia,2014,0,1,3,1,1,0,1,2,4,1,0,2,16
AFR,ZMB,Zambia,2015,12,0,1,2,3,2,3,9,6,10,8,6,62
AFR,ZMB,Zambia,2016,0,1,3,0,3,2,0,4,8,11,5,4,41
AFR,ZMB,Zambia,2017,2,0,4,1,6,1,1,0,0,5,9,20,49
AFR,ZMB,Zambia,2018,0,0,0,4,2,3,7,3,7,25,41,24,116
AFR,ZMB,Zambia,2019,49,26,0,0,,,,,,,,,75
AFR,ZWE,Zimbabwe,2011,0,0,0,0,0,0,1,0,1,0,0,0,2
AFR,ZWE,Zimbabwe,2012,0,0,0,0,0,0,0,0,0,0,0,0,0
AFR,ZWE,Zimbabwe,2013,0,0,0,0,0,0,0,0,1,0,0,0,1
AFR,ZWE,Zimbabwe,2014,0,0,0,0,0,19,47,0,0,0,0,0,66
AFR,ZWE,Zimbabwe,2015,0,0,0,0,0,1,0,0,0,0,0,0,1
AFR,ZWE,Zimbabwe,2016,0,1,0,0,0,0,0,0,0,0,1,0,2
AFR,ZWE,Zimbabwe,2017,0,0,1,1,1,1,6,6,0,0,0,0,16
AFR,ZWE,Zimbabwe,2018,0,0,0,0,0,0,0,1,0,0,0,0,1
AFR,ZWE,Zimbabwe,2019,0,0,0,0,,,,,,,,,
